105.0,29.0,66.0,10.0,4.0,
131.0,91.0,66.0,4.0,8.0,
97.0,123.0,66.0,1.0,14.0,
6.0,86.0,66.0,0.0,12.0,
171.0,67.0,66.0,7.0,7.0,
48.0,121.0,66.0,1.0,12.0,
114.0,161.0,66.0,0.0,12.0,
79.0,134.0,66.0,3.0,10.0,
164.0,37.0,66.0,12.0,2.0,
27.0,103.0,66.0,1.0,11.0,
156.0,160.0,66.0,0.0,15.0,
32.0,138.0,66.0,6.0,7.0,
187.0,179.0,66.0,3.0,9.0,
126.0,189.0,66.0,4.0,10.0,
163.0,114.0,66.0,10.0,4.0,
112.0,137.0,66.0,0.0,14.0,
152.0,66.0,78.0,0.0,14.0,
170.0,66.0,78.0,7.0,7.0,
36.0,75.0,78.0,13.0,0.0,
5.0,148.0,78.0,3.0,8.0,
4.0,130.0,78.0,12.0,2.0,
196.0,3.0,78.0,1.0,14.0,
156.0,175.0,78.0,0.0,14.0,
62.0,32.0,78.0,2.0,12.0,
160.0,142.0,78.0,5.0,9.0,
15.0,166.0,78.0,1.0,13.0,
86.0,140.0,78.0,10.0,5.0,
196.0,185.0,78.0,0.0,13.0,
172.0,16.0,78.0,9.0,4.0,
94.0,35.0,152.0,6.0,7.0,
190.0,88.0,152.0,7.0,7.0,
125.0,145.0,152.0,10.0,4.0,
64.0,98.0,152.0,5.0,8.0,
69.0,54.0,152.0,9.0,5.0,
71.0,73.0,152.0,11.0,2.0,
92.0,83.0,152.0,12.0,1.0,
7.0,65.0,152.0,11.0,1.0,
70.0,46.0,152.0,0.0,13.0,
57.0,187.0,152.0,0.0,12.0,
95.0,43.0,159.0,14.0,0.0,
143.0,117.0,159.0,14.0,0.0,
121.0,149.0,159.0,13.0,1.0,
12.0,5.0,159.0,15.0,0.0,
144.0,60.0,159.0,11.0,2.0,
92.0,70.0,159.0,11.0,4.0,
153.0,154.0,159.0,13.0,0.0,
50.0,140.0,159.0,13.0,0.0,
42.0,147.0,159.0,13.0,0.0,
66.0,168.0,159.0,15.0,0.0,
95.0,159.0,7.0,1.0,13.0,
0.0,131.0,7.0,8.0,5.0,
72.0,178.0,7.0,9.0,5.0,
152.0,73.0,7.0,11.0,3.0,
110.0,37.0,7.0,12.0,0.0,
40.0,130.0,7.0,13.0,2.0,
103.0,136.0,7.0,3.0,9.0,
195.0,109.0,7.0,4.0,10.0,
13.0,176.0,7.0,8.0,5.0,
106.0,78.0,95.0,3.0,9.0,
88.0,104.0,95.0,2.0,11.0,
77.0,161.0,95.0,4.0,10.0,
83.0,4.0,95.0,14.0,0.0,
105.0,41.0,95.0,12.0,2.0,
199.0,197.0,95.0,7.0,7.0,
144.0,197.0,95.0,8.0,7.0,
55.0,6.0,95.0,10.0,1.0,
31.0,105.0,95.0,14.0,0.0,
84.0,196.0,95.0,2.0,11.0,
120.0,3.0,95.0,3.0,11.0,
103.0,122.0,95.0,0.0,14.0,
175.0,163.0,95.0,3.0,12.0,
7.0,153.0,95.0,9.0,4.0,
178.0,166.0,95.0,0.0,13.0,
82.0,52.0,95.0,2.0,11.0,
174.0,170.0,95.0,2.0,12.0,
57.0,63.0,95.0,0.0,10.0,
49.0,181.0,95.0,10.0,4.0,
120.0,121.0,29.0,10.0,4.0,
178.0,36.0,29.0,12.0,2.0,
99.0,55.0,29.0,8.0,7.0,
172.0,77.0,29.0,5.0,8.0,
104.0,171.0,29.0,1.0,13.0,
114.0,143.0,29.0,9.0,4.0,
117.0,173.0,29.0,0.0,15.0,
191.0,119.0,29.0,9.0,3.0,
196.0,25.0,29.0,14.0,0.0,
103.0,152.0,35.0,12.0,2.0,
78.0,190.0,35.0,3.0,11.0,
87.0,33.0,35.0,0.0,12.0,
165.0,33.0,35.0,1.0,13.0,
29.0,23.0,35.0,12.0,3.0,
22.0,75.0,35.0,7.0,7.0,
167.0,161.0,35.0,3.0,11.0,
118.0,4.0,35.0,7.0,8.0,
56.0,165.0,35.0,12.0,0.0,
66.0,122.0,35.0,6.0,9.0,
1.0,99.0,35.0,10.0,4.0,
41.0,185.0,35.0,9.0,4.0,
59.0,17.0,35.0,12.0,1.0,
85.0,131.0,194.0,5.0,9.0,
2.0,115.0,194.0,2.0,11.0,
80.0,0.0,194.0,10.0,5.0,
169.0,44.0,194.0,1.0,12.0,
31.0,189.0,194.0,13.0,0.0,
103.0,72.0,194.0,0.0,13.0,
11.0,69.0,194.0,2.0,11.0,
122.0,69.0,194.0,8.0,6.0,
171.0,107.0,194.0,6.0,7.0,
80.0,96.0,194.0,0.0,12.0,
80.0,46.0,194.0,0.0,14.0,
141.0,24.0,194.0,6.0,7.0,
93.0,106.0,194.0,10.0,4.0,
91.0,64.0,194.0,6.0,6.0,
85.0,194.0,131.0,11.0,3.0,
65.0,14.0,131.0,9.0,6.0,
119.0,123.0,131.0,1.0,13.0,
5.0,145.0,131.0,6.0,7.0,
52.0,43.0,131.0,9.0,5.0,
80.0,18.0,131.0,5.0,8.0,
84.0,27.0,131.0,0.0,13.0,
86.0,134.0,131.0,5.0,7.0,
76.0,54.0,131.0,14.0,0.0,
27.0,165.0,131.0,3.0,12.0,
184.0,148.0,131.0,10.0,3.0,
185.0,199.0,131.0,13.0,0.0,
16.0,122.0,131.0,0.0,14.0,
6.0,69.0,131.0,10.0,3.0,
86.0,19.0,131.0,13.0,1.0,
93.0,106.0,131.0,8.0,6.0,
130.0,33.0,85.0,3.0,12.0,
9.0,104.0,85.0,11.0,3.0,
192.0,0.0,85.0,7.0,7.0,
170.0,4.0,85.0,5.0,8.0,
94.0,73.0,85.0,5.0,9.0,
188.0,37.0,85.0,14.0,0.0,
192.0,2.0,85.0,11.0,2.0,
141.0,39.0,85.0,8.0,5.0,
112.0,38.0,85.0,15.0,0.0,
183.0,88.0,14.0,4.0,10.0,
55.0,58.0,14.0,8.0,6.0,
23.0,103.0,14.0,9.0,5.0,
181.0,103.0,14.0,5.0,8.0,
112.0,186.0,14.0,0.0,13.0,
141.0,179.0,14.0,1.0,13.0,
168.0,40.0,14.0,0.0,14.0,
133.0,109.0,14.0,4.0,10.0,
95.0,114.0,14.0,7.0,6.0,
102.0,132.0,14.0,1.0,12.0,
78.0,180.0,14.0,0.0,14.0,
179.0,93.0,14.0,1.0,12.0,
123.0,14.0,91.0,13.0,1.0,
111.0,145.0,91.0,8.0,7.0,
74.0,104.0,91.0,5.0,8.0,
22.0,134.0,91.0,4.0,10.0,
119.0,160.0,91.0,0.0,15.0,
177.0,138.0,91.0,1.0,12.0,
64.0,172.0,91.0,2.0,11.0,
130.0,191.0,91.0,3.0,12.0,
55.0,17.0,91.0,1.0,14.0,
1.0,68.0,91.0,13.0,1.0,
87.0,29.0,123.0,9.0,4.0,
144.0,59.0,123.0,10.0,4.0,
194.0,145.0,123.0,7.0,6.0,
106.0,151.0,123.0,13.0,1.0,
193.0,110.0,123.0,11.0,3.0,
52.0,139.0,123.0,7.0,5.0,
135.0,45.0,123.0,12.0,3.0,
154.0,45.0,123.0,12.0,1.0,
165.0,9.0,123.0,3.0,11.0,
26.0,100.0,123.0,9.0,4.0,
78.0,183.0,123.0,11.0,2.0,
98.0,8.0,123.0,8.0,4.0,
6.0,64.0,123.0,11.0,3.0,
176.0,33.0,92.0,1.0,12.0,
190.0,145.0,92.0,5.0,10.0,
83.0,97.0,92.0,11.0,4.0,
88.0,0.0,92.0,11.0,3.0,
5.0,105.0,92.0,0.0,14.0,
105.0,9.0,92.0,0.0,14.0,
149.0,160.0,92.0,6.0,7.0,
161.0,12.0,92.0,0.0,14.0,
137.0,109.0,92.0,1.0,13.0,
145.0,171.0,92.0,10.0,4.0,
62.0,72.0,92.0,0.0,13.0,
171.0,13.0,92.0,8.0,5.0,
33.0,92.0,190.0,8.0,6.0,
135.0,10.0,190.0,10.0,3.0,
29.0,67.0,190.0,11.0,2.0,
99.0,149.0,190.0,5.0,9.0,
173.0,199.0,190.0,13.0,1.0,
94.0,179.0,190.0,4.0,10.0,
45.0,39.0,190.0,12.0,3.0,
163.0,39.0,190.0,11.0,4.0,
96.0,119.0,190.0,10.0,3.0,
87.0,182.0,190.0,9.0,5.0,
170.0,46.0,190.0,0.0,15.0,
48.0,168.0,190.0,12.0,1.0,
118.0,137.0,190.0,0.0,15.0,
150.0,31.0,190.0,1.0,14.0,
53.0,71.0,190.0,7.0,6.0,
147.0,29.0,33.0,13.0,0.0,
87.0,35.0,33.0,12.0,0.0,
165.0,35.0,33.0,13.0,1.0,
83.0,194.0,33.0,15.0,0.0,
19.0,79.0,33.0,10.0,0.0,
14.0,60.0,33.0,1.0,12.0,
129.0,173.0,33.0,14.0,0.0,
188.0,13.0,33.0,14.0,0.0,
32.0,132.0,33.0,0.0,14.0,
51.0,15.0,33.0,14.0,1.0,
83.0,80.0,86.0,9.0,5.0,
185.0,113.0,86.0,0.0,14.0,
13.0,82.0,86.0,11.0,1.0,
124.0,6.0,86.0,6.0,9.0,
44.0,56.0,86.0,6.0,4.0,
143.0,34.0,86.0,6.0,7.0,
47.0,74.0,86.0,7.0,6.0,
20.0,13.0,86.0,12.0,2.0,
196.0,119.0,86.0,6.0,7.0,
129.0,140.0,86.0,1.0,12.0,
102.0,137.0,86.0,3.0,11.0,
109.0,95.0,88.0,14.0,0.0,
59.0,86.0,88.0,14.0,0.0,
127.0,43.0,88.0,4.0,10.0,
159.0,160.0,88.0,13.0,0.0,
95.0,141.0,88.0,5.0,9.0,
76.0,130.0,88.0,14.0,0.0,
8.0,77.0,88.0,2.0,13.0,
116.0,172.0,88.0,0.0,15.0,
191.0,93.0,88.0,4.0,11.0,
63.0,123.0,59.0,4.0,9.0,
26.0,42.0,59.0,10.0,5.0,
189.0,0.0,59.0,9.0,5.0,
94.0,4.0,59.0,15.0,0.0,
58.0,62.0,59.0,3.0,11.0,
163.0,108.0,59.0,0.0,14.0,
145.0,148.0,59.0,3.0,10.0,
28.0,5.0,59.0,7.0,5.0,
154.0,179.0,59.0,14.0,0.0,
27.0,163.0,59.0,9.0,6.0,
113.0,52.0,59.0,12.0,1.0,
141.0,93.0,59.0,4.0,9.0,
82.0,24.0,59.0,13.0,1.0,
162.0,131.0,115.0,10.0,5.0,
71.0,131.0,115.0,2.0,12.0,
125.0,91.0,115.0,0.0,13.0,
145.0,33.0,115.0,6.0,8.0,
9.0,42.0,115.0,14.0,1.0,
85.0,49.0,115.0,2.0,12.0,
6.0,26.0,115.0,0.0,12.0,
138.0,148.0,115.0,12.0,2.0,
197.0,94.0,115.0,3.0,11.0,
126.0,65.0,115.0,4.0,8.0,
58.0,189.0,115.0,2.0,11.0,
140.0,19.0,115.0,4.0,10.0,
23.0,29.0,145.0,12.0,1.0,
5.0,131.0,145.0,7.0,6.0,
111.0,91.0,145.0,5.0,10.0,
193.0,18.0,145.0,11.0,2.0,
29.0,197.0,145.0,13.0,1.0,
77.0,179.0,145.0,14.0,1.0,
85.0,177.0,145.0,5.0,9.0,
30.0,143.0,145.0,5.0,8.0,
61.0,69.0,145.0,12.0,2.0,
46.0,76.0,145.0,11.0,4.0,
76.0,21.0,10.0,4.0,10.0,
179.0,160.0,10.0,2.0,12.0,
161.0,179.0,10.0,6.0,9.0,
70.0,109.0,10.0,11.0,2.0,
133.0,143.0,10.0,12.0,2.0,
131.0,72.0,10.0,2.0,11.0,
148.0,13.0,10.0,14.0,0.0,
42.0,52.0,10.0,5.0,10.0,
37.0,25.0,10.0,12.0,3.0,
139.0,184.0,10.0,12.0,2.0,
124.0,63.0,10.0,6.0,8.0,
140.0,68.0,10.0,6.0,7.0,
162.0,181.0,10.0,1.0,11.0,
122.0,80.0,104.0,3.0,12.0,
149.0,120.0,104.0,12.0,2.0,
47.0,0.0,104.0,3.0,10.0,
20.0,49.0,104.0,1.0,12.0,
182.0,82.0,104.0,11.0,2.0,
107.0,197.0,104.0,9.0,5.0,
177.0,62.0,104.0,6.0,8.0,
20.0,105.0,104.0,0.0,12.0,
159.0,56.0,104.0,13.0,0.0,
162.0,147.0,104.0,15.0,0.0,
124.0,68.0,104.0,10.0,2.0,
55.0,150.0,104.0,8.0,7.0,
121.0,67.0,97.0,9.0,2.0,
191.0,75.0,97.0,12.0,2.0,
134.0,6.0,97.0,14.0,0.0,
63.0,62.0,97.0,15.0,0.0,
29.0,94.0,97.0,13.0,2.0,
100.0,60.0,97.0,4.0,8.0,
49.0,143.0,97.0,0.0,12.0,
51.0,142.0,97.0,7.0,7.0,
75.0,69.0,97.0,15.0,0.0,
122.0,99.0,97.0,14.0,0.0,
15.0,116.0,97.0,12.0,2.0,
192.0,97.0,151.0,4.0,10.0,
89.0,75.0,151.0,3.0,10.0,
50.0,160.0,151.0,0.0,13.0,
35.0,130.0,151.0,7.0,5.0,
106.0,11.0,151.0,3.0,11.0,
188.0,125.0,151.0,2.0,12.0,
33.0,157.0,151.0,10.0,5.0,
165.0,64.0,151.0,1.0,11.0,
28.0,35.0,192.0,3.0,11.0,
40.0,194.0,192.0,14.0,0.0,
159.0,59.0,192.0,0.0,15.0,
110.0,80.0,192.0,12.0,2.0,
41.0,197.0,192.0,13.0,0.0,
28.0,6.0,192.0,3.0,10.0,
39.0,6.0,192.0,13.0,1.0,
62.0,127.0,192.0,13.0,2.0,
147.0,73.0,192.0,9.0,6.0,
150.0,73.0,192.0,10.0,2.0,
172.0,155.0,192.0,12.0,3.0,
174.0,149.0,192.0,14.0,1.0,
39.0,53.0,192.0,7.0,8.0,
11.0,65.0,192.0,11.0,3.0,
197.0,171.0,192.0,5.0,7.0,
145.0,183.0,192.0,8.0,4.0,
118.0,156.0,192.0,11.0,1.0,
64.0,193.0,192.0,13.0,0.0,
74.0,17.0,192.0,14.0,0.0,
54.0,78.0,42.0,10.0,4.0,
87.0,7.0,42.0,1.0,13.0,
44.0,145.0,42.0,4.0,11.0,
173.0,41.0,42.0,3.0,10.0,
80.0,84.0,42.0,6.0,7.0,
13.0,22.0,42.0,0.0,12.0,
131.0,130.0,42.0,3.0,10.0,
79.0,55.0,42.0,1.0,11.0,
136.0,126.0,42.0,5.0,10.0,
26.0,132.0,42.0,13.0,1.0,
38.0,17.0,42.0,1.0,13.0,
191.0,1.0,42.0,6.0,9.0,
78.0,16.0,42.0,0.0,15.0,
124.0,42.0,67.0,6.0,8.0,
15.0,162.0,67.0,0.0,13.0,
1.0,65.0,67.0,8.0,6.0,
188.0,77.0,67.0,7.0,8.0,
117.0,189.0,67.0,4.0,11.0,
169.0,32.0,67.0,6.0,8.0,
93.0,8.0,67.0,4.0,9.0,
130.0,99.0,67.0,2.0,11.0,
84.0,159.0,124.0,0.0,15.0,
113.0,91.0,124.0,11.0,2.0,
48.0,120.0,124.0,6.0,7.0,
158.0,37.0,124.0,4.0,9.0,
159.0,174.0,124.0,3.0,11.0,
194.0,48.0,124.0,6.0,6.0,
113.0,140.0,124.0,5.0,10.0,
5.0,195.0,124.0,11.0,3.0,
29.0,181.0,124.0,8.0,6.0,
152.0,86.0,23.0,2.0,12.0,
75.0,80.0,23.0,2.0,12.0,
29.0,54.0,23.0,8.0,3.0,
4.0,155.0,23.0,3.0,10.0,
189.0,45.0,23.0,4.0,9.0,
192.0,11.0,23.0,12.0,2.0,
79.0,40.0,23.0,11.0,3.0,
87.0,109.0,23.0,6.0,9.0,
161.0,111.0,23.0,1.0,12.0,
187.0,198.0,23.0,11.0,2.0,
125.0,25.0,23.0,12.0,1.0,
96.0,38.0,23.0,13.0,0.0,
83.0,86.0,80.0,3.0,11.0,
75.0,23.0,80.0,11.0,3.0,
116.0,43.0,80.0,0.0,13.0,
189.0,4.0,80.0,4.0,11.0,
84.0,62.0,80.0,6.0,8.0,
138.0,112.0,80.0,6.0,7.0,
6.0,149.0,80.0,12.0,2.0,
76.0,141.0,80.0,4.0,11.0,
141.0,174.0,80.0,0.0,15.0,
72.0,65.0,80.0,3.0,10.0,
194.0,40.0,80.0,8.0,5.0,
156.0,20.0,80.0,15.0,0.0,
180.0,173.0,80.0,13.0,1.0,
91.0,25.0,80.0,13.0,2.0,
31.0,114.0,80.0,1.0,12.0,
121.0,195.0,80.0,5.0,8.0,
4.0,195.0,80.0,6.0,7.0,
106.0,193.0,80.0,6.0,6.0,
26.0,93.0,80.0,8.0,5.0,
1.0,133.0,80.0,7.0,6.0,
11.0,106.0,80.0,3.0,9.0,
22.0,35.0,75.0,9.0,5.0,
5.0,162.0,75.0,0.0,15.0,
101.0,109.0,75.0,12.0,3.0,
142.0,198.0,75.0,10.0,2.0,
171.0,153.0,75.0,5.0,10.0,
88.0,72.0,75.0,2.0,13.0,
166.0,72.0,75.0,0.0,15.0,
141.0,107.0,75.0,7.0,6.0,
112.0,50.0,75.0,7.0,6.0,
14.0,99.0,75.0,7.0,8.0,
15.0,46.0,75.0,1.0,14.0,
134.0,38.0,75.0,4.0,9.0,
61.0,35.0,121.0,6.0,6.0,
66.0,88.0,121.0,1.0,14.0,
104.0,42.0,121.0,10.0,1.0,
159.0,134.0,121.0,6.0,9.0,
73.0,112.0,121.0,9.0,6.0,
1.0,90.0,121.0,2.0,13.0,
134.0,175.0,121.0,2.0,12.0,
93.0,8.0,121.0,13.0,0.0,
195.0,107.0,121.0,9.0,5.0,
184.0,133.0,121.0,0.0,14.0,
11.0,59.0,120.0,0.0,14.0,
156.0,10.0,120.0,2.0,12.0,
149.0,104.0,120.0,2.0,12.0,
143.0,41.0,120.0,8.0,5.0,
71.0,2.0,120.0,7.0,7.0,
111.0,70.0,120.0,9.0,3.0,
172.0,173.0,120.0,12.0,1.0,
102.0,180.0,120.0,2.0,11.0,
16.0,185.0,120.0,2.0,10.0,
46.0,193.0,120.0,4.0,8.0,
191.0,17.0,120.0,9.0,4.0,
92.0,54.0,161.0,2.0,12.0,
40.0,57.0,161.0,2.0,11.0,
31.0,57.0,161.0,0.0,14.0,
26.0,5.0,161.0,0.0,14.0,
89.0,60.0,161.0,3.0,12.0,
67.0,119.0,161.0,6.0,6.0,
111.0,147.0,161.0,13.0,1.0,
57.0,93.0,161.0,5.0,9.0,
122.0,157.0,161.0,14.0,0.0,
28.0,64.0,161.0,11.0,2.0,
101.0,64.0,161.0,12.0,2.0,
113.0,68.0,161.0,0.0,13.0,
125.0,150.0,161.0,13.0,1.0,
96.0,16.0,161.0,0.0,13.0,
192.0,62.0,167.0,5.0,9.0,
114.0,37.0,167.0,11.0,2.0,
123.0,9.0,167.0,6.0,9.0,
90.0,2.0,167.0,1.0,12.0,
155.0,138.0,167.0,0.0,15.0,
69.0,130.0,167.0,8.0,7.0,
62.0,109.0,167.0,6.0,8.0,
181.0,74.0,167.0,2.0,10.0,
179.0,72.0,167.0,0.0,14.0,
190.0,173.0,167.0,0.0,13.0,
66.0,8.0,167.0,7.0,8.0,
140.0,8.0,167.0,3.0,10.0,
90.0,61.0,167.0,0.0,13.0,
15.0,181.0,167.0,6.0,6.0,
153.0,188.0,167.0,0.0,14.0,
56.0,7.0,0.0,6.0,7.0,
116.0,49.0,0.0,0.0,14.0,
81.0,73.0,0.0,2.0,10.0,
123.0,112.0,0.0,1.0,11.0,
71.0,2.0,0.0,2.0,12.0,
72.0,160.0,0.0,14.0,0.0,
44.0,148.0,0.0,0.0,14.0,
196.0,100.0,0.0,3.0,11.0,
180.0,163.0,0.0,7.0,6.0,
69.0,154.0,0.0,4.0,8.0,
56.0,119.0,0.0,12.0,2.0,
50.0,61.0,0.0,2.0,11.0,
153.0,114.0,0.0,0.0,13.0,
127.0,88.0,43.0,10.0,4.0,
178.0,0.0,43.0,11.0,3.0,
44.0,27.0,43.0,1.0,12.0,
94.0,134.0,43.0,6.0,7.0,
161.0,73.0,43.0,0.0,12.0,
20.0,144.0,43.0,13.0,0.0,
184.0,65.0,43.0,13.0,0.0,
19.0,171.0,43.0,7.0,7.0,
63.0,8.0,43.0,12.0,3.0,
191.0,195.0,43.0,13.0,1.0,
18.0,193.0,43.0,13.0,2.0,
72.0,7.0,178.0,5.0,9.0,
75.0,23.0,178.0,3.0,10.0,
184.0,117.0,178.0,13.0,0.0,
109.0,58.0,178.0,10.0,4.0,
181.0,162.0,178.0,2.0,13.0,
156.0,54.0,178.0,12.0,2.0,
89.0,135.0,178.0,8.0,7.0,
9.0,148.0,178.0,6.0,7.0,
18.0,122.0,178.0,8.0,7.0,
143.0,69.0,178.0,9.0,3.0,
119.0,107.0,178.0,13.0,1.0,
197.0,156.0,178.0,15.0,0.0,
39.0,181.0,178.0,12.0,1.0,
4.0,188.0,178.0,4.0,8.0,
120.0,66.0,4.0,14.0,0.0,
117.0,78.0,4.0,12.0,1.0,
83.0,95.0,4.0,1.0,13.0,
118.0,35.0,4.0,6.0,9.0,
94.0,59.0,4.0,0.0,15.0,
20.0,97.0,4.0,2.0,12.0,
46.0,84.0,4.0,4.0,9.0,
70.0,73.0,4.0,3.0,10.0,
148.0,22.0,4.0,0.0,13.0,
171.0,138.0,4.0,3.0,11.0,
23.0,3.0,4.0,2.0,13.0,
164.0,122.0,4.0,6.0,6.0,
30.0,40.0,4.0,11.0,4.0,
90.0,20.0,4.0,8.0,6.0,
96.0,177.0,4.0,12.0,1.0,
176.0,101.0,4.0,2.0,12.0,
198.0,102.0,4.0,5.0,9.0,
170.0,25.0,4.0,3.0,7.0,
198.0,114.0,4.0,9.0,4.0,
60.0,156.0,4.0,9.0,5.0,
24.0,180.0,4.0,0.0,14.0,
141.0,96.0,4.0,9.0,4.0,
26.0,195.0,4.0,5.0,8.0,
110.0,63.0,4.0,12.0,3.0,
0.0,47.0,4.0,5.0,8.0,
100.0,161.0,18.0,0.0,14.0,
113.0,4.0,18.0,14.0,0.0,
84.0,9.0,18.0,0.0,13.0,
66.0,55.0,18.0,8.0,7.0,
198.0,40.0,18.0,8.0,4.0,
145.0,111.0,18.0,4.0,9.0,
110.0,111.0,18.0,11.0,4.0,
93.0,175.0,18.0,1.0,12.0,
195.0,142.0,18.0,13.0,0.0,
14.0,180.0,18.0,2.0,12.0,
178.0,195.0,18.0,7.0,8.0,
44.0,35.0,113.0,15.0,0.0,
51.0,115.0,113.0,8.0,6.0,
154.0,145.0,113.0,12.0,2.0,
77.0,120.0,113.0,15.0,0.0,
179.0,161.0,113.0,12.0,1.0,
109.0,40.0,113.0,12.0,2.0,
136.0,189.0,113.0,7.0,6.0,
134.0,72.0,113.0,1.0,12.0,
98.0,13.0,113.0,13.0,0.0,
107.0,119.0,113.0,14.0,0.0,
150.0,15.0,113.0,14.0,0.0,
115.0,106.0,113.0,11.0,2.0,
175.0,64.0,113.0,7.0,3.0,
102.0,164.0,110.0,2.0,11.0,
64.0,139.0,110.0,1.0,12.0,
119.0,26.0,110.0,0.0,13.0,
14.0,162.0,110.0,0.0,15.0,
156.0,162.0,110.0,0.0,15.0,
147.0,105.0,110.0,9.0,4.0,
169.0,57.0,110.0,1.0,11.0,
10.0,141.0,110.0,2.0,13.0,
60.0,141.0,110.0,10.0,4.0,
134.0,5.0,110.0,7.0,7.0,
42.0,39.0,110.0,11.0,0.0,
136.0,156.0,110.0,13.0,2.0,
181.0,96.0,110.0,2.0,13.0,
99.0,124.0,41.0,1.0,14.0,
164.0,110.0,41.0,3.0,11.0,
140.0,162.0,41.0,0.0,15.0,
66.0,105.0,41.0,1.0,12.0,
147.0,36.0,41.0,10.0,3.0,
123.0,22.0,41.0,0.0,13.0,
22.0,129.0,41.0,11.0,4.0,
116.0,189.0,41.0,3.0,9.0,
28.0,74.0,41.0,12.0,2.0,
29.0,173.0,41.0,6.0,7.0,
56.0,166.0,41.0,0.0,13.0,
94.0,170.0,41.0,2.0,11.0,
15.0,33.0,164.0,0.0,13.0,
61.0,53.0,164.0,0.0,14.0,
36.0,186.0,164.0,0.0,12.0,
44.0,138.0,164.0,2.0,11.0,
179.0,177.0,164.0,12.0,0.0,
46.0,102.0,164.0,6.0,7.0,
86.0,119.0,164.0,0.0,14.0,
74.0,25.0,164.0,9.0,4.0,
12.0,30.0,164.0,3.0,11.0,
41.0,170.0,164.0,3.0,10.0,
143.0,159.0,117.0,0.0,14.0,
100.0,151.0,117.0,13.0,0.0,
149.0,75.0,117.0,3.0,10.0,
139.0,167.0,117.0,11.0,3.0,
144.0,51.0,117.0,0.0,13.0,
160.0,53.0,117.0,5.0,7.0,
172.0,3.0,117.0,4.0,9.0,
109.0,144.0,117.0,11.0,4.0,
49.0,77.0,117.0,7.0,5.0,
44.0,8.0,117.0,1.0,11.0,
17.0,30.0,117.0,13.0,1.0,
147.0,156.0,117.0,9.0,4.0,
91.0,180.0,117.0,0.0,15.0,
29.0,24.0,117.0,0.0,13.0,
101.0,47.0,117.0,1.0,13.0,
130.0,14.0,139.0,1.0,12.0,
75.0,56.0,139.0,13.0,0.0,
106.0,36.0,139.0,9.0,5.0,
110.0,138.0,139.0,3.0,10.0,
34.0,130.0,139.0,7.0,5.0,
94.0,111.0,139.0,10.0,4.0,
35.0,32.0,139.0,2.0,12.0,
172.0,154.0,139.0,4.0,9.0,
154.0,69.0,139.0,2.0,12.0,
47.0,125.0,139.0,0.0,14.0,
165.0,24.0,139.0,3.0,10.0,
165.0,47.0,139.0,1.0,13.0,
29.0,181.0,139.0,6.0,7.0,
92.0,10.0,49.0,1.0,12.0,
144.0,10.0,49.0,15.0,0.0,
197.0,82.0,49.0,11.0,1.0,
139.0,58.0,49.0,13.0,0.0,
30.0,162.0,49.0,4.0,10.0,
17.0,87.0,49.0,14.0,0.0,
100.0,45.0,49.0,14.0,0.0,
38.0,39.0,49.0,14.0,0.0,
70.0,126.0,49.0,15.0,0.0,
122.0,147.0,49.0,13.0,1.0,
163.0,46.0,49.0,0.0,13.0,
165.0,29.0,82.0,8.0,6.0,
60.0,194.0,82.0,9.0,5.0,
30.0,104.0,82.0,12.0,0.0,
13.0,192.0,82.0,0.0,12.0,
52.0,121.0,82.0,6.0,7.0,
104.0,4.0,82.0,9.0,3.0,
197.0,49.0,82.0,0.0,12.0,
32.0,37.0,82.0,8.0,6.0,
189.0,165.0,82.0,11.0,3.0,
100.0,9.0,82.0,3.0,12.0,
19.0,3.0,82.0,12.0,1.0,
50.0,177.0,82.0,5.0,9.0,
128.0,173.0,82.0,4.0,10.0,
16.0,132.0,82.0,14.0,0.0,
114.0,95.0,197.0,10.0,4.0,
137.0,124.0,197.0,10.0,2.0,
118.0,189.0,197.0,7.0,6.0,
67.0,93.0,197.0,6.0,6.0,
65.0,123.0,26.0,8.0,6.0,
112.0,75.0,26.0,13.0,0.0,
139.0,161.0,26.0,12.0,3.0,
90.0,49.0,26.0,0.0,14.0,
24.0,134.0,26.0,9.0,5.0,
125.0,136.0,26.0,9.0,4.0,
124.0,65.0,26.0,11.0,2.0,
36.0,72.0,26.0,0.0,15.0,
130.0,175.0,26.0,11.0,0.0,
161.0,69.0,26.0,0.0,14.0,
2.0,156.0,26.0,13.0,1.0,
119.0,185.0,26.0,13.0,1.0,
31.0,168.0,26.0,0.0,14.0,
115.0,63.0,26.0,12.0,1.0,
87.0,106.0,26.0,9.0,4.0,
69.0,194.0,6.0,9.0,6.0,
28.0,192.0,6.0,10.0,3.0,
36.0,134.0,6.0,3.0,10.0,
108.0,73.0,6.0,1.0,13.0,
132.0,196.0,6.0,11.0,1.0,
106.0,155.0,6.0,4.0,8.0,
74.0,79.0,6.0,1.0,14.0,
104.0,40.0,6.0,2.0,12.0,
24.0,133.0,6.0,0.0,14.0,
32.0,16.0,6.0,0.0,13.0,
62.0,123.0,84.0,5.0,9.0,
80.0,42.0,84.0,6.0,7.0,
31.0,42.0,84.0,3.0,12.0,
10.0,0.0,84.0,10.0,3.0,
151.0,18.0,84.0,7.0,5.0,
78.0,110.0,84.0,12.0,2.0,
78.0,89.0,84.0,5.0,10.0,
174.0,153.0,84.0,10.0,3.0,
131.0,166.0,84.0,0.0,14.0,
55.0,30.0,84.0,0.0,11.0,
83.0,146.0,84.0,4.0,9.0,
158.0,15.0,84.0,2.0,13.0,
25.0,17.0,84.0,4.0,9.0,
26.0,84.0,98.0,2.0,10.0,
46.0,45.0,98.0,4.0,9.0,
164.0,53.0,98.0,3.0,10.0,
30.0,55.0,98.0,1.0,13.0,
53.0,144.0,98.0,5.0,5.0,
94.0,144.0,98.0,6.0,5.0,
127.0,172.0,98.0,0.0,15.0,
86.0,19.0,98.0,12.0,2.0,
165.0,185.0,98.0,2.0,13.0,
58.0,115.0,28.0,7.0,6.0,
52.0,4.0,28.0,4.0,9.0,
196.0,127.0,28.0,14.0,0.0,
52.0,12.0,28.0,2.0,11.0,
171.0,5.0,28.0,11.0,3.0,
142.0,186.0,28.0,10.0,5.0,
45.0,143.0,28.0,11.0,2.0,
1.0,175.0,28.0,1.0,13.0,
157.0,182.0,28.0,6.0,7.0,
78.0,25.0,28.0,6.0,7.0,
67.0,107.0,28.0,9.0,5.0,
153.0,17.0,28.0,3.0,11.0,
182.0,31.0,28.0,2.0,12.0,
62.0,192.0,127.0,3.0,12.0,
51.0,28.0,127.0,0.0,12.0,
149.0,57.0,127.0,3.0,10.0,
3.0,22.0,127.0,0.0,13.0,
37.0,39.0,127.0,14.0,1.0,
10.0,126.0,127.0,3.0,11.0,
59.0,163.0,127.0,14.0,1.0,
197.0,30.0,127.0,4.0,9.0,
97.0,193.0,127.0,0.0,15.0,
127.0,78.0,51.0,9.0,3.0,
82.0,49.0,51.0,1.0,13.0,
133.0,81.0,51.0,12.0,2.0,
141.0,174.0,51.0,5.0,8.0,
88.0,55.0,51.0,11.0,3.0,
148.0,122.0,51.0,10.0,1.0,
0.0,50.0,51.0,12.0,2.0,
33.0,68.0,51.0,8.0,5.0,
3.0,92.0,58.0,0.0,13.0,
109.0,178.0,58.0,2.0,12.0,
75.0,149.0,58.0,3.0,10.0,
15.0,122.0,58.0,1.0,13.0,
111.0,163.0,58.0,9.0,4.0,
193.0,52.0,58.0,11.0,3.0,
174.0,76.0,58.0,11.0,3.0,
96.0,38.0,58.0,1.0,12.0,
48.0,116.0,58.0,3.0,9.0,
33.0,88.0,118.0,9.0,4.0,
128.0,149.0,118.0,13.0,1.0,
157.0,89.0,118.0,9.0,5.0,
32.0,199.0,118.0,13.0,0.0,
40.0,138.0,118.0,0.0,15.0,
165.0,20.0,118.0,12.0,2.0,
9.0,30.0,118.0,11.0,2.0,
145.0,152.0,162.0,12.0,1.0,
144.0,115.0,162.0,14.0,1.0,
161.0,28.0,162.0,3.0,10.0,
29.0,87.0,162.0,13.0,1.0,
124.0,160.0,162.0,9.0,6.0,
109.0,65.0,162.0,14.0,0.0,
181.0,13.0,162.0,13.0,1.0,
111.0,104.0,62.0,6.0,8.0,
176.0,23.0,62.0,7.0,8.0,
1.0,139.0,62.0,13.0,0.0,
1.0,51.0,62.0,2.0,12.0,
27.0,162.0,62.0,12.0,0.0,
46.0,73.0,62.0,4.0,11.0,
162.0,155.0,62.0,4.0,10.0,
133.0,149.0,62.0,4.0,10.0,
41.0,136.0,62.0,4.0,8.0,
177.0,136.0,62.0,0.0,13.0,
118.0,144.0,62.0,7.0,7.0,
45.0,177.0,62.0,7.0,7.0,
134.0,154.0,62.0,7.0,6.0,
137.0,147.0,62.0,9.0,5.0,
13.0,184.0,62.0,4.0,10.0,
11.0,187.0,62.0,1.0,12.0,
5.0,104.0,27.0,14.0,0.0,
74.0,75.0,27.0,14.0,0.0,
174.0,139.0,27.0,15.0,0.0,
40.0,158.0,27.0,13.0,0.0,
28.0,79.0,27.0,15.0,0.0,
131.0,100.0,27.0,8.0,3.0,
184.0,40.0,27.0,13.0,0.0,
64.0,171.0,27.0,10.0,4.0,
121.0,70.0,27.0,15.0,0.0,
3.0,142.0,27.0,14.0,0.0,
176.0,96.0,27.0,11.0,1.0,
145.0,157.0,27.0,11.0,2.0,
31.0,95.0,105.0,0.0,14.0,
6.0,80.0,105.0,13.0,0.0,
147.0,110.0,105.0,4.0,9.0,
128.0,197.0,105.0,13.0,0.0,
88.0,56.0,105.0,12.0,1.0,
121.0,2.0,105.0,14.0,0.0,
156.0,34.0,105.0,14.0,0.0,
34.0,169.0,105.0,9.0,4.0,
111.0,99.0,105.0,13.0,0.0,
115.0,184.0,105.0,15.0,0.0,
194.0,17.0,105.0,13.0,0.0,
98.0,187.0,105.0,15.0,0.0,
160.0,110.0,21.0,11.0,1.0,
28.0,135.0,21.0,13.0,0.0,
102.0,87.0,21.0,14.0,0.0,
80.0,166.0,21.0,8.0,5.0,
20.0,25.0,21.0,11.0,2.0,
126.0,114.0,21.0,14.0,0.0,
76.0,156.0,21.0,11.0,2.0,
145.0,1.0,21.0,11.0,2.0,
86.0,131.0,134.0,2.0,10.0,
96.0,145.0,134.0,8.0,6.0,
94.0,43.0,134.0,5.0,8.0,
154.0,127.0,134.0,6.0,8.0,
118.0,54.0,134.0,11.0,1.0,
190.0,57.0,134.0,2.0,11.0,
152.0,174.0,134.0,4.0,6.0,
139.0,179.0,134.0,6.0,7.0,
70.0,60.0,134.0,3.0,12.0,
183.0,101.0,134.0,0.0,15.0,
137.0,76.0,134.0,5.0,8.0,
109.0,48.0,134.0,8.0,7.0,
90.0,169.0,134.0,1.0,13.0,
191.0,156.0,134.0,7.0,6.0,
8.0,150.0,134.0,6.0,8.0,
61.0,1.0,134.0,14.0,0.0,
150.0,188.0,134.0,5.0,7.0,
30.0,91.0,54.0,1.0,14.0,
9.0,178.0,54.0,13.0,2.0,
185.0,26.0,54.0,0.0,13.0,
69.0,118.0,54.0,1.0,12.0,
118.0,134.0,54.0,0.0,12.0,
45.0,39.0,54.0,6.0,7.0,
16.0,154.0,54.0,13.0,2.0,
98.0,133.0,54.0,6.0,8.0,
172.0,64.0,54.0,7.0,6.0,
96.0,95.0,81.0,11.0,2.0,
169.0,88.0,81.0,10.0,3.0,
146.0,4.0,81.0,4.0,10.0,
130.0,49.0,81.0,2.0,10.0,
162.0,155.0,81.0,3.0,11.0,
189.0,199.0,81.0,6.0,8.0,
152.0,65.0,81.0,13.0,1.0,
189.0,72.0,81.0,0.0,14.0,
30.0,96.0,81.0,12.0,1.0,
174.0,116.0,81.0,11.0,3.0,
152.0,7.0,73.0,3.0,11.0,
94.0,85.0,73.0,8.0,6.0,
108.0,6.0,73.0,14.0,0.0,
196.0,81.0,73.0,6.0,6.0,
77.0,56.0,73.0,12.0,3.0,
167.0,141.0,73.0,3.0,9.0,
155.0,136.0,73.0,0.0,13.0,
140.0,74.0,73.0,11.0,2.0,
126.0,132.0,73.0,0.0,14.0,
94.0,195.0,73.0,7.0,6.0,
87.0,46.0,73.0,0.0,13.0,
57.0,68.0,73.0,9.0,4.0,
15.0,187.0,73.0,6.0,8.0,
68.0,150.0,73.0,10.0,3.0,
132.0,6.0,196.0,1.0,11.0,
61.0,54.0,196.0,7.0,5.0,
102.0,40.0,196.0,9.0,4.0,
71.0,72.0,196.0,0.0,15.0,
95.0,31.0,196.0,0.0,15.0,
121.0,71.0,196.0,12.0,2.0,
4.0,152.0,135.0,5.0,7.0,
98.0,151.0,135.0,15.0,0.0,
133.0,90.0,135.0,7.0,7.0,
49.0,94.0,135.0,14.0,0.0,
43.0,119.0,135.0,10.0,4.0,
37.0,61.0,135.0,12.0,1.0,
9.0,48.0,135.0,2.0,11.0,
83.0,195.0,135.0,12.0,1.0,
99.0,35.0,112.0,7.0,6.0,
33.0,27.0,112.0,2.0,8.0,
96.0,105.0,112.0,1.0,14.0,
22.0,54.0,112.0,5.0,10.0,
4.0,135.0,112.0,6.0,8.0,
180.0,149.0,112.0,13.0,2.0,
128.0,2.0,112.0,13.0,0.0,
168.0,174.0,112.0,2.0,12.0,
186.0,177.0,112.0,14.0,0.0,
167.0,50.0,112.0,8.0,7.0,
144.0,157.0,112.0,13.0,1.0,
50.0,181.0,112.0,7.0,8.0,
172.0,112.0,87.0,1.0,12.0,
66.0,141.0,87.0,5.0,9.0,
78.0,39.0,87.0,11.0,1.0,
82.0,52.0,87.0,8.0,6.0,
101.0,50.0,87.0,11.0,2.0,
71.0,28.0,37.0,6.0,8.0,
43.0,87.0,37.0,8.0,4.0,
180.0,3.0,37.0,9.0,5.0,
75.0,136.0,37.0,4.0,9.0,
65.0,171.0,37.0,3.0,11.0,
30.0,46.0,37.0,0.0,14.0,
66.0,24.0,37.0,2.0,12.0,
84.0,75.0,165.0,6.0,9.0,
113.0,161.0,165.0,14.0,0.0,
89.0,82.0,165.0,1.0,11.0,
189.0,82.0,165.0,4.0,10.0,
158.0,21.0,165.0,1.0,14.0,
38.0,45.0,165.0,4.0,9.0,
95.0,89.0,165.0,0.0,14.0,
11.0,22.0,165.0,0.0,15.0,
166.0,19.0,165.0,10.0,5.0,
136.0,156.0,165.0,6.0,7.0,
46.0,184.0,165.0,5.0,7.0,
70.0,68.0,165.0,12.0,2.0,
131.0,16.0,165.0,1.0,12.0,
76.0,14.0,56.0,0.0,14.0,
137.0,75.0,56.0,7.0,6.0,
174.0,82.0,56.0,13.0,2.0,
69.0,103.0,56.0,4.0,9.0,
89.0,108.0,56.0,0.0,14.0,
100.0,65.0,56.0,5.0,7.0,
94.0,74.0,56.0,5.0,10.0,
38.0,74.0,56.0,4.0,9.0,
168.0,175.0,56.0,0.0,13.0,
60.0,114.0,56.0,13.0,2.0,
139.0,107.0,56.0,1.0,12.0,
125.0,176.0,56.0,3.0,11.0,
59.0,71.0,56.0,3.0,12.0,
195.0,97.0,155.0,0.0,13.0,
135.0,151.0,155.0,11.0,3.0,
172.0,192.0,155.0,2.0,13.0,
106.0,6.0,155.0,10.0,2.0,
160.0,51.0,155.0,10.0,3.0,
162.0,81.0,155.0,9.0,5.0,
85.0,108.0,155.0,1.0,10.0,
190.0,199.0,155.0,4.0,10.0,
124.0,31.0,155.0,0.0,13.0,
145.0,176.0,155.0,6.0,6.0,
5.0,71.0,155.0,6.0,5.0,
96.0,190.0,149.0,4.0,10.0,
18.0,88.0,149.0,12.0,2.0,
6.0,80.0,149.0,3.0,11.0,
3.0,75.0,149.0,5.0,8.0,
166.0,178.0,149.0,9.0,4.0,
128.0,118.0,149.0,2.0,12.0,
133.0,62.0,149.0,9.0,5.0,
180.0,112.0,149.0,3.0,12.0,
45.0,155.0,149.0,1.0,11.0,
10.0,179.0,149.0,6.0,8.0,
92.0,129.0,149.0,13.0,0.0,
108.0,198.0,149.0,3.0,10.0,
115.0,68.0,149.0,10.0,5.0,
137.0,152.0,45.0,0.0,14.0,
134.0,145.0,45.0,2.0,12.0,
11.0,4.0,45.0,0.0,13.0,
100.0,49.0,45.0,0.0,14.0,
160.0,158.0,45.0,14.0,0.0,
186.0,126.0,45.0,10.0,4.0,
88.0,144.0,45.0,7.0,7.0,
35.0,198.0,45.0,6.0,9.0,
188.0,198.0,45.0,4.0,11.0,
35.0,47.0,45.0,2.0,13.0,
9.0,47.0,45.0,3.0,11.0,
162.0,190.0,83.0,1.0,11.0,
36.0,43.0,83.0,12.0,0.0,
6.0,39.0,83.0,14.0,0.0,
191.0,129.0,83.0,13.0,0.0,
124.0,20.0,83.0,7.0,7.0,
84.0,169.0,83.0,12.0,0.0,
22.0,147.0,83.0,5.0,8.0,
43.0,157.0,83.0,11.0,3.0,
168.0,120.0,36.0,1.0,10.0,
19.0,164.0,36.0,2.0,10.0,
4.0,165.0,36.0,0.0,13.0,
44.0,2.0,36.0,9.0,4.0,
148.0,3.0,36.0,5.0,8.0,
31.0,126.0,36.0,4.0,11.0,
158.0,94.0,36.0,13.0,2.0,
7.0,109.0,36.0,0.0,13.0,
164.0,129.0,36.0,4.0,10.0,
141.0,171.0,36.0,1.0,11.0,
115.0,32.0,36.0,0.0,14.0,
92.0,172.0,36.0,12.0,2.0,
182.0,46.0,36.0,0.0,13.0,
154.0,137.0,36.0,0.0,15.0,
165.0,93.0,36.0,0.0,13.0,
3.0,128.0,36.0,14.0,1.0,
97.0,64.0,36.0,13.0,0.0,
58.0,123.0,89.0,0.0,13.0,
55.0,161.0,89.0,15.0,0.0,
57.0,118.0,89.0,4.0,8.0,
157.0,118.0,89.0,5.0,9.0,
152.0,56.0,89.0,10.0,4.0,
45.0,100.0,89.0,9.0,5.0,
70.0,102.0,89.0,0.0,15.0,
63.0,76.0,89.0,12.0,0.0,
19.0,15.0,89.0,13.0,1.0,
119.0,188.0,89.0,6.0,6.0,
31.0,161.0,57.0,14.0,0.0,
136.0,117.0,57.0,11.0,2.0,
129.0,197.0,57.0,11.0,2.0,
129.0,135.0,57.0,14.0,0.0,
63.0,12.0,57.0,13.0,1.0,
43.0,39.0,57.0,10.0,2.0,
189.0,94.0,57.0,14.0,0.0,
172.0,193.0,57.0,10.0,3.0,
177.0,88.0,9.0,14.0,0.0,
175.0,67.0,9.0,10.0,3.0,
87.0,100.0,9.0,13.0,0.0,
165.0,183.0,9.0,12.0,2.0,
22.0,142.0,9.0,12.0,1.0,
166.0,52.0,9.0,1.0,14.0,
194.0,119.0,9.0,11.0,0.0,
55.0,61.0,9.0,9.0,4.0,
125.0,185.0,9.0,11.0,3.0,
127.0,93.0,9.0,13.0,0.0,
42.0,133.0,9.0,11.0,3.0,
63.0,181.0,9.0,14.0,1.0,
149.0,167.0,2.0,13.0,0.0,
110.0,118.0,2.0,4.0,9.0,
103.0,9.0,2.0,1.0,11.0,
64.0,22.0,2.0,0.0,14.0,
76.0,100.0,2.0,1.0,13.0,
33.0,173.0,2.0,11.0,3.0,
90.0,69.0,2.0,2.0,13.0,
156.0,52.0,2.0,2.0,12.0,
97.0,76.0,2.0,8.0,6.0,
8.0,19.0,2.0,13.0,0.0,
138.0,180.0,2.0,9.0,4.0,
32.0,31.0,2.0,0.0,10.0,
23.0,14.0,103.0,3.0,11.0,
181.0,14.0,103.0,7.0,6.0,
75.0,145.0,103.0,1.0,11.0,
76.0,41.0,103.0,0.0,15.0,
141.0,58.0,103.0,13.0,1.0,
132.0,165.0,103.0,12.0,2.0,
2.0,76.0,103.0,9.0,5.0,
39.0,192.0,53.0,6.0,9.0,
99.0,120.0,53.0,13.0,2.0,
78.0,178.0,53.0,12.0,2.0,
185.0,4.0,53.0,9.0,4.0,
111.0,110.0,53.0,12.0,0.0,
52.0,58.0,53.0,10.0,3.0,
181.0,56.0,53.0,13.0,2.0,
56.0,45.0,53.0,10.0,3.0,
25.0,12.0,53.0,11.0,3.0,
122.0,148.0,53.0,10.0,4.0,
189.0,20.0,53.0,10.0,2.0,
164.0,143.0,53.0,12.0,0.0,
102.0,143.0,53.0,14.0,0.0,
14.0,32.0,53.0,10.0,3.0,
22.0,30.0,53.0,2.0,8.0,
196.0,156.0,53.0,11.0,3.0,
195.0,168.0,53.0,12.0,2.0,
91.0,137.0,53.0,1.0,13.0,
28.0,184.0,53.0,11.0,1.0,
149.0,92.0,160.0,7.0,6.0,
109.0,190.0,160.0,13.0,1.0,
50.0,151.0,160.0,12.0,1.0,
167.0,28.0,160.0,13.0,0.0,
103.0,56.0,160.0,13.0,0.0,
71.0,189.0,160.0,12.0,2.0,
61.0,74.0,160.0,10.0,1.0,
23.0,52.0,160.0,13.0,1.0,
29.0,76.0,160.0,15.0,0.0,
123.0,76.0,160.0,15.0,0.0,
10.0,191.0,160.0,11.0,1.0,
107.0,1.0,160.0,13.0,1.0,
78.0,54.0,108.0,15.0,0.0,
187.0,135.0,108.0,14.0,0.0,
85.0,155.0,108.0,11.0,0.0,
33.0,149.0,108.0,13.0,0.0,
111.0,36.0,108.0,10.0,0.0,
65.0,103.0,108.0,14.0,0.0,
6.0,111.0,108.0,15.0,0.0,
92.0,143.0,108.0,7.0,6.0,
176.0,72.0,108.0,2.0,11.0,
130.0,173.0,108.0,14.0,0.0,
53.0,31.0,108.0,6.0,7.0,
101.0,7.0,141.0,8.0,6.0,
95.0,88.0,141.0,11.0,3.0,
149.0,97.0,141.0,3.0,11.0,
60.0,110.0,141.0,5.0,9.0,
121.0,82.0,141.0,11.0,2.0,
44.0,162.0,141.0,0.0,14.0,
167.0,73.0,141.0,8.0,4.0,
117.0,13.0,141.0,12.0,2.0,
188.0,166.0,141.0,0.0,12.0,
53.0,19.0,141.0,2.0,11.0,
69.0,30.0,141.0,1.0,14.0,
60.0,181.0,141.0,2.0,11.0,
52.0,1.0,141.0,4.0,9.0,
93.0,18.0,12.0,6.0,8.0,
87.0,112.0,12.0,1.0,13.0,
164.0,141.0,12.0,2.0,9.0,
130.0,199.0,12.0,9.0,4.0,
43.0,133.0,12.0,6.0,7.0,
68.0,47.0,12.0,4.0,11.0,
129.0,95.0,174.0,13.0,1.0,
163.0,29.0,174.0,10.0,3.0,
27.0,115.0,174.0,13.0,0.0,
159.0,124.0,174.0,7.0,7.0,
141.0,80.0,174.0,13.0,2.0,
197.0,4.0,174.0,8.0,4.0,
73.0,49.0,174.0,1.0,13.0,
141.0,51.0,174.0,10.0,3.0,
152.0,134.0,174.0,7.0,3.0,
168.0,112.0,174.0,9.0,4.0,
100.0,57.0,174.0,7.0,7.0,
166.0,198.0,174.0,12.0,1.0,
35.0,19.0,174.0,4.0,11.0,
26.0,119.0,174.0,6.0,6.0,
76.0,119.0,174.0,12.0,1.0,
127.0,114.0,174.0,11.0,1.0,
36.0,150.0,174.0,10.0,4.0,
186.0,23.0,90.0,6.0,7.0,
181.0,73.0,90.0,11.0,3.0,
22.0,174.0,90.0,0.0,11.0,
136.0,138.0,90.0,0.0,13.0,
62.0,130.0,90.0,3.0,10.0,
156.0,184.0,90.0,11.0,4.0,
195.0,187.0,90.0,4.0,11.0,
28.0,176.0,90.0,10.0,4.0,
146.0,66.0,22.0,9.0,6.0,
3.0,127.0,22.0,13.0,0.0,
156.0,40.0,22.0,14.0,1.0,
101.0,38.0,22.0,5.0,9.0,
104.0,64.0,22.0,15.0,0.0,
5.0,78.0,148.0,5.0,6.0,
171.0,29.0,148.0,10.0,5.0,
25.0,35.0,148.0,8.0,6.0,
184.0,131.0,148.0,3.0,10.0,
65.0,43.0,148.0,5.0,8.0,
16.0,98.0,148.0,14.0,0.0,
99.0,28.0,148.0,10.0,3.0,
151.0,61.0,148.0,9.0,4.0,
182.0,61.0,148.0,10.0,3.0,
166.0,38.0,148.0,0.0,14.0,
102.0,63.0,148.0,13.0,2.0,
166.0,187.0,148.0,13.0,1.0,
128.0,188.0,148.0,3.0,11.0,
155.0,190.0,5.0,8.0,6.0,
155.0,86.0,5.0,3.0,10.0,
26.0,161.0,5.0,14.0,0.0,
6.0,113.0,5.0,3.0,12.0,
70.0,164.0,5.0,15.0,0.0,
171.0,28.0,5.0,2.0,12.0,
115.0,20.0,5.0,12.0,2.0,
138.0,52.0,5.0,0.0,14.0,
194.0,169.0,5.0,1.0,11.0,
81.0,125.0,5.0,1.0,12.0,
185.0,131.0,199.0,0.0,13.0,
22.0,42.0,199.0,2.0,10.0,
181.0,0.0,199.0,13.0,1.0,
39.0,4.0,199.0,6.0,9.0,
84.0,26.0,199.0,3.0,8.0,
83.0,26.0,199.0,10.0,2.0,
77.0,56.0,199.0,11.0,4.0,
190.0,155.0,199.0,10.0,4.0,
65.0,160.0,199.0,0.0,13.0,
45.0,189.0,199.0,6.0,7.0,
137.0,50.0,199.0,0.0,14.0,
103.0,150.0,199.0,7.0,7.0,
51.0,88.0,186.0,12.0,2.0,
22.0,115.0,186.0,12.0,1.0,
140.0,58.0,186.0,10.0,4.0,
136.0,81.0,186.0,15.0,0.0,
34.0,5.0,186.0,11.0,0.0,
84.0,126.0,186.0,12.0,3.0,
172.0,70.0,186.0,8.0,4.0,
57.0,177.0,186.0,9.0,4.0,
196.0,101.0,186.0,2.0,10.0,
107.0,32.0,186.0,3.0,11.0,
180.0,85.0,34.0,3.0,9.0,
97.0,10.0,34.0,5.0,7.0,
140.0,43.0,34.0,9.0,4.0,
181.0,87.0,34.0,9.0,6.0,
154.0,111.0,34.0,7.0,5.0,
65.0,143.0,34.0,5.0,9.0,
105.0,154.0,34.0,9.0,3.0,
122.0,195.0,34.0,13.0,1.0,
107.0,46.0,34.0,1.0,14.0,
99.0,66.0,138.0,12.0,1.0,
177.0,91.0,138.0,12.0,1.0,
171.0,4.0,138.0,10.0,4.0,
44.0,164.0,138.0,11.0,2.0,
185.0,127.0,138.0,13.0,0.0,
130.0,155.0,138.0,11.0,0.0,
152.0,13.0,138.0,14.0,0.0,
135.0,8.0,138.0,13.0,1.0,
3.0,119.0,138.0,10.0,2.0,
127.0,48.0,138.0,13.0,2.0,
129.0,114.0,138.0,14.0,0.0,
168.0,24.0,138.0,15.0,0.0,
4.0,78.0,130.0,1.0,13.0,
76.0,88.0,130.0,0.0,14.0,
35.0,151.0,130.0,4.0,8.0,
69.0,167.0,130.0,7.0,8.0,
182.0,58.0,130.0,1.0,11.0,
166.0,134.0,130.0,5.0,9.0,
167.0,94.0,130.0,1.0,11.0,
37.0,129.0,130.0,11.0,3.0,
155.0,129.0,130.0,0.0,14.0,
199.0,99.0,130.0,3.0,11.0,
12.0,180.0,130.0,3.0,12.0,
169.0,180.0,130.0,1.0,13.0,
181.0,146.0,130.0,4.0,10.0,
133.0,193.0,130.0,8.0,5.0,
114.0,24.0,130.0,7.0,6.0,
82.0,152.0,3.0,10.0,4.0,
60.0,159.0,3.0,0.0,14.0,
48.0,179.0,3.0,11.0,3.0,
98.0,40.0,3.0,10.0,4.0,
153.0,143.0,3.0,12.0,2.0,
126.0,115.0,136.0,14.0,0.0,
5.0,10.0,136.0,14.0,0.0,
156.0,10.0,136.0,11.0,3.0,
108.0,41.0,136.0,0.0,15.0,
2.0,6.0,136.0,13.0,0.0,
161.0,51.0,136.0,0.0,13.0,
177.0,62.0,136.0,13.0,0.0,
155.0,73.0,136.0,12.0,1.0,
17.0,56.0,136.0,14.0,0.0,
26.0,9.0,136.0,0.0,12.0,
155.0,3.0,136.0,5.0,6.0,
65.0,169.0,136.0,11.0,1.0,
56.0,50.0,136.0,13.0,2.0,
168.0,156.0,136.0,14.0,0.0,
166.0,180.0,136.0,13.0,1.0,
111.0,133.0,136.0,11.0,4.0,
121.0,24.0,136.0,7.0,6.0,
124.0,157.0,136.0,12.0,2.0,
199.0,64.0,136.0,3.0,10.0,
173.0,47.0,136.0,15.0,0.0,
16.0,113.0,158.0,12.0,1.0,
114.0,139.0,158.0,13.0,0.0,
160.0,45.0,158.0,0.0,14.0,
26.0,44.0,158.0,1.0,12.0,
53.0,46.0,158.0,0.0,14.0,
194.0,63.0,158.0,8.0,5.0,
81.0,78.0,11.0,3.0,10.0,
3.0,78.0,11.0,4.0,10.0,
171.0,14.0,11.0,8.0,5.0,
153.0,62.0,11.0,5.0,9.0,
51.0,27.0,11.0,5.0,8.0,
179.0,158.0,11.0,3.0,8.0,
193.0,122.0,11.0,1.0,11.0,
101.0,70.0,11.0,3.0,11.0,
180.0,154.0,11.0,5.0,9.0,
126.0,8.0,11.0,0.0,14.0,
54.0,15.0,11.0,3.0,12.0,
67.0,7.0,179.0,9.0,5.0,
77.0,145.0,179.0,0.0,15.0,
45.0,80.0,179.0,8.0,7.0,
158.0,121.0,179.0,8.0,4.0,
99.0,113.0,179.0,1.0,13.0,
74.0,196.0,179.0,2.0,10.0,
174.0,135.0,179.0,3.0,11.0,
75.0,45.0,179.0,6.0,7.0,
119.0,45.0,179.0,11.0,4.0,
0.0,36.0,179.0,5.0,9.0,
38.0,143.0,179.0,6.0,9.0,
47.0,143.0,179.0,12.0,2.0,
99.0,153.0,179.0,0.0,14.0,
37.0,32.0,179.0,0.0,13.0,
192.0,25.0,179.0,0.0,14.0,
151.0,31.0,179.0,1.0,13.0,
59.0,167.0,79.0,0.0,13.0,
199.0,90.0,79.0,3.0,8.0,
178.0,138.0,79.0,3.0,10.0,
156.0,65.0,79.0,7.0,7.0,
107.0,32.0,79.0,3.0,12.0,
87.0,38.0,79.0,9.0,5.0,
45.0,190.0,39.0,2.0,13.0,
156.0,97.0,39.0,0.0,15.0,
37.0,127.0,39.0,1.0,14.0,
6.0,83.0,39.0,0.0,14.0,
59.0,36.0,39.0,5.0,6.0,
56.0,57.0,39.0,0.0,14.0,
13.0,160.0,39.0,0.0,13.0,
185.0,119.0,39.0,3.0,10.0,
40.0,156.0,39.0,11.0,3.0,
179.0,193.0,39.0,8.0,7.0,
66.0,18.0,55.0,10.0,5.0,
106.0,41.0,55.0,3.0,11.0,
117.0,162.0,55.0,1.0,11.0,
176.0,112.0,55.0,10.0,2.0,
18.0,11.0,55.0,6.0,7.0,
45.0,11.0,55.0,12.0,2.0,
6.0,129.0,55.0,9.0,5.0,
145.0,172.0,55.0,6.0,9.0,
79.0,25.0,55.0,14.0,1.0,
64.0,170.0,55.0,0.0,13.0,
130.0,96.0,55.0,6.0,6.0,
81.0,93.0,55.0,2.0,11.0,
97.0,10.0,122.0,11.0,3.0,
177.0,97.0,122.0,1.0,13.0,
107.0,80.0,122.0,10.0,2.0,
15.0,58.0,122.0,12.0,2.0,
165.0,158.0,122.0,2.0,13.0,
43.0,44.0,122.0,12.0,2.0,
145.0,20.0,122.0,2.0,13.0,
24.0,74.0,122.0,11.0,3.0,
10.0,35.0,126.0,6.0,7.0,
165.0,92.0,126.0,0.0,15.0,
136.0,42.0,126.0,9.0,6.0,
16.0,167.0,126.0,13.0,1.0,
94.0,6.0,126.0,11.0,3.0,
195.0,135.0,126.0,3.0,10.0,
44.0,53.0,126.0,3.0,8.0,
40.0,198.0,126.0,9.0,4.0,
161.0,175.0,126.0,3.0,9.0,
61.0,142.0,126.0,12.0,3.0,
6.0,182.0,126.0,13.0,2.0,
116.0,50.0,126.0,8.0,5.0,
81.0,24.0,126.0,15.0,0.0,
169.0,194.0,44.0,11.0,2.0,
74.0,91.0,44.0,11.0,2.0,
67.0,82.0,44.0,3.0,11.0,
175.0,54.0,44.0,5.0,7.0,
88.0,103.0,44.0,6.0,7.0,
137.0,158.0,44.0,10.0,3.0,
108.0,74.0,44.0,12.0,3.0,
3.0,25.0,44.0,6.0,8.0,
0.0,38.0,44.0,6.0,8.0,
20.0,43.0,144.0,0.0,13.0,
149.0,197.0,144.0,7.0,7.0,
18.0,6.0,144.0,10.0,4.0,
50.0,83.0,144.0,0.0,13.0,
85.0,57.0,144.0,3.0,12.0,
103.0,108.0,144.0,0.0,12.0,
142.0,12.0,144.0,14.0,0.0,
163.0,70.0,144.0,12.0,0.0,
160.0,177.0,144.0,3.0,11.0,
91.0,198.0,144.0,10.0,5.0,
101.0,76.0,144.0,8.0,6.0,
181.0,25.0,144.0,1.0,11.0,
60.0,156.0,144.0,4.0,11.0,
199.0,191.0,144.0,4.0,8.0,
182.0,38.0,144.0,3.0,12.0,
87.0,133.0,144.0,0.0,13.0,
38.0,1.0,144.0,3.0,10.0,
135.0,188.0,144.0,0.0,15.0,
37.0,71.0,144.0,0.0,15.0,
64.0,67.0,94.0,9.0,5.0,
99.0,56.0,94.0,13.0,0.0,
70.0,60.0,94.0,0.0,14.0,
187.0,183.0,94.0,4.0,9.0,
139.0,140.0,94.0,8.0,6.0,
79.0,150.0,94.0,15.0,0.0,
72.0,1.0,94.0,1.0,13.0,
30.0,78.0,65.0,2.0,11.0,
83.0,35.0,65.0,8.0,5.0,
85.0,18.0,65.0,12.0,3.0,
166.0,127.0,65.0,5.0,9.0,
47.0,87.0,65.0,9.0,4.0,
47.0,57.0,65.0,1.0,10.0,
99.0,77.0,65.0,5.0,9.0,
126.0,76.0,65.0,7.0,6.0,
73.0,19.0,65.0,5.0,8.0,
94.0,157.0,65.0,9.0,5.0,
15.0,14.0,100.0,13.0,0.0,
106.0,91.0,100.0,12.0,3.0,
26.0,123.0,100.0,2.0,11.0,
182.0,192.0,100.0,0.0,15.0,
71.0,43.0,100.0,11.0,4.0,
122.0,113.0,100.0,0.0,13.0,
153.0,84.0,100.0,3.0,11.0,
131.0,27.0,100.0,3.0,8.0,
76.0,2.0,100.0,12.0,2.0,
75.0,109.0,100.0,15.0,0.0,
75.0,25.0,100.0,11.0,3.0,
27.0,170.0,100.0,4.0,8.0,
36.0,191.0,100.0,4.0,10.0,
159.0,147.0,100.0,15.0,0.0,
88.0,33.0,60.0,10.0,3.0,
100.0,97.0,60.0,7.0,5.0,
59.0,84.0,60.0,8.0,4.0,
153.0,56.0,60.0,14.0,0.0,
83.0,3.0,60.0,14.0,1.0,
152.0,39.0,60.0,13.0,0.0,
175.0,156.0,60.0,13.0,0.0,
82.0,180.0,60.0,12.0,1.0,
57.0,159.0,40.0,3.0,9.0,
126.0,33.0,40.0,2.0,12.0,
198.0,18.0,40.0,2.0,10.0,
104.0,6.0,40.0,9.0,5.0,
184.0,27.0,40.0,0.0,13.0,
146.0,112.0,40.0,5.0,9.0,
156.0,22.0,40.0,1.0,14.0,
89.0,136.0,40.0,2.0,13.0,
161.0,122.0,40.0,0.0,14.0,
21.0,122.0,40.0,12.0,1.0,
72.0,19.0,40.0,6.0,9.0,
0.0,182.0,40.0,12.0,1.0,
75.0,180.0,40.0,0.0,14.0,
166.0,24.0,40.0,8.0,6.0,
73.0,150.0,40.0,1.0,13.0,
169.0,66.0,77.0,14.0,0.0,
116.0,86.0,77.0,8.0,6.0,
72.0,42.0,77.0,6.0,7.0,
49.0,117.0,77.0,6.0,6.0,
171.0,21.0,77.0,2.0,12.0,
1.0,5.0,77.0,8.0,5.0,
81.0,186.0,77.0,2.0,11.0,
52.0,79.0,77.0,5.0,9.0,
73.0,183.0,77.0,13.0,1.0,
101.0,96.0,77.0,1.0,14.0,
132.0,195.0,77.0,2.0,12.0,
137.0,195.0,77.0,11.0,3.0,
186.0,128.0,77.0,12.0,2.0,
129.0,159.0,109.0,0.0,12.0,
8.0,85.0,109.0,5.0,9.0,
147.0,14.0,109.0,3.0,12.0,
107.0,151.0,109.0,7.0,6.0,
22.0,197.0,109.0,11.0,3.0,
53.0,90.0,109.0,3.0,10.0,
15.0,90.0,109.0,4.0,11.0,
104.0,25.0,109.0,6.0,8.0,
72.0,1.0,109.0,5.0,9.0,
173.0,28.0,129.0,4.0,8.0,
6.0,55.0,129.0,4.0,10.0,
46.0,74.0,129.0,9.0,4.0,
60.0,198.0,129.0,10.0,4.0,
197.0,146.0,129.0,11.0,4.0,
157.0,150.0,129.0,10.0,4.0,
171.0,176.0,129.0,6.0,8.0,
169.0,91.0,171.0,12.0,3.0,
19.0,43.0,171.0,10.0,4.0,
19.0,178.0,171.0,9.0,5.0,
73.0,82.0,171.0,12.0,2.0,
56.0,26.0,171.0,3.0,11.0,
151.0,162.0,171.0,1.0,13.0,
70.0,45.0,171.0,12.0,0.0,
5.0,36.0,171.0,12.0,2.0,
197.0,57.0,171.0,2.0,11.0,
147.0,90.0,171.0,6.0,6.0,
43.0,179.0,171.0,10.0,4.0,
28.0,70.0,171.0,9.0,4.0,
197.0,72.0,171.0,0.0,14.0,
168.0,184.0,171.0,11.0,2.0,
92.0,159.0,70.0,4.0,11.0,
149.0,51.0,70.0,5.0,10.0,
121.0,27.0,70.0,0.0,15.0,
123.0,108.0,70.0,0.0,13.0,
172.0,186.0,70.0,10.0,2.0,
128.0,122.0,70.0,5.0,8.0,
163.0,144.0,70.0,0.0,12.0,
79.0,173.0,70.0,5.0,10.0,
142.0,107.0,70.0,1.0,13.0,
99.0,185.0,70.0,3.0,11.0,
138.0,93.0,70.0,2.0,13.0,
7.0,16.0,70.0,0.0,14.0,
53.0,159.0,111.0,1.0,13.0,
145.0,18.0,111.0,7.0,6.0,
93.0,36.0,111.0,10.0,5.0,
23.0,90.0,111.0,15.0,0.0,
135.0,148.0,111.0,11.0,1.0,
177.0,100.0,111.0,5.0,9.0,
101.0,182.0,111.0,13.0,0.0,
7.0,157.0,111.0,13.0,1.0,
9.0,68.0,111.0,1.0,12.0,
197.0,194.0,20.0,8.0,2.0,
141.0,59.0,20.0,11.0,2.0,
156.0,80.0,20.0,0.0,15.0,
24.0,49.0,20.0,2.0,11.0,
50.0,60.0,20.0,0.0,14.0,
153.0,183.0,20.0,1.0,14.0,
120.0,86.0,189.0,5.0,10.0,
117.0,67.0,189.0,10.0,5.0,
182.0,23.0,189.0,9.0,5.0,
136.0,113.0,189.0,7.0,6.0,
124.0,53.0,189.0,2.0,11.0,
71.0,160.0,189.0,1.0,13.0,
131.0,144.0,189.0,4.0,9.0,
109.0,143.0,189.0,14.0,1.0,
111.0,48.0,189.0,8.0,7.0,
177.0,170.0,189.0,4.0,8.0,
61.0,191.0,189.0,9.0,3.0,
157.0,24.0,189.0,13.0,2.0,
76.0,128.0,189.0,9.0,4.0,
29.0,181.0,189.0,4.0,8.0,
145.0,152.0,177.0,5.0,7.0,
35.0,85.0,177.0,2.0,11.0,
125.0,190.0,177.0,1.0,14.0,
23.0,10.0,177.0,8.0,7.0,
191.0,124.0,177.0,2.0,11.0,
31.0,80.0,177.0,12.0,2.0,
88.0,110.0,177.0,5.0,9.0,
104.0,41.0,177.0,1.0,12.0,
8.0,84.0,177.0,9.0,4.0,
189.0,28.0,177.0,11.0,3.0,
53.0,118.0,177.0,3.0,10.0,
167.0,112.0,177.0,10.0,5.0,
153.0,36.0,177.0,2.0,13.0,
60.0,142.0,177.0,12.0,1.0,
134.0,69.0,177.0,4.0,10.0,
123.0,19.0,177.0,4.0,9.0,
55.0,15.0,177.0,8.0,6.0,
90.0,63.0,177.0,7.0,6.0,
44.0,16.0,177.0,1.0,12.0,
94.0,92.0,163.0,6.0,7.0,
27.0,59.0,163.0,8.0,7.0,
90.0,105.0,163.0,1.0,12.0,
158.0,55.0,163.0,14.0,0.0,
12.0,177.0,163.0,8.0,4.0,
0.0,172.0,163.0,0.0,14.0,
12.0,87.0,74.0,11.0,2.0,
143.0,9.0,74.0,0.0,12.0,
131.0,199.0,74.0,4.0,9.0,
83.0,122.0,74.0,5.0,9.0,
25.0,94.0,74.0,5.0,9.0,
116.0,101.0,74.0,1.0,12.0,
72.0,142.0,74.0,1.0,13.0,
135.0,76.0,74.0,7.0,6.0,
122.0,76.0,74.0,8.0,6.0,
7.0,114.0,74.0,6.0,7.0,
188.0,146.0,74.0,6.0,9.0,
117.0,192.0,143.0,1.0,13.0,
199.0,82.0,143.0,0.0,12.0,
38.0,134.0,143.0,6.0,7.0,
11.0,196.0,143.0,1.0,13.0,
67.0,45.0,143.0,7.0,6.0,
102.0,53.0,143.0,0.0,14.0,
25.0,90.0,143.0,7.0,7.0,
133.0,136.0,143.0,4.0,10.0,
38.0,179.0,143.0,7.0,8.0,
181.0,55.0,143.0,0.0,15.0,
58.0,175.0,143.0,3.0,9.0,
194.0,96.0,143.0,4.0,11.0,
99.0,104.0,198.0,5.0,9.0,
39.0,82.0,198.0,4.0,9.0,
34.0,81.0,198.0,3.0,10.0,
153.0,112.0,198.0,7.0,5.0,
117.0,144.0,198.0,5.0,8.0,
60.0,129.0,198.0,4.0,10.0,
178.0,183.0,198.0,0.0,13.0,
53.0,172.0,198.0,10.0,3.0,
79.0,133.0,198.0,3.0,11.0,
105.0,1.0,198.0,11.0,3.0,
7.0,95.0,153.0,1.0,12.0,
123.0,18.0,153.0,5.0,8.0,
60.0,62.0,153.0,3.0,11.0,
92.0,165.0,153.0,3.0,10.0,
30.0,53.0,153.0,7.0,6.0,
74.0,90.0,153.0,1.0,12.0,
191.0,171.0,153.0,1.0,12.0,
62.0,175.0,153.0,2.0,8.0,
6.0,32.0,153.0,2.0,12.0,
58.0,48.0,153.0,4.0,11.0,
136.0,25.0,153.0,13.0,0.0,
103.0,194.0,72.0,12.0,1.0,
62.0,92.0,72.0,11.0,2.0,
88.0,75.0,72.0,14.0,1.0,
36.0,26.0,72.0,15.0,0.0,
176.0,26.0,72.0,14.0,0.0,
86.0,105.0,72.0,9.0,5.0,
173.0,54.0,72.0,13.0,1.0,
183.0,87.0,72.0,12.0,0.0,
71.0,89.0,72.0,12.0,0.0,
176.0,108.0,72.0,9.0,4.0,
117.0,199.0,72.0,11.0,0.0,
107.0,136.0,72.0,14.0,0.0,
24.0,71.0,72.0,12.0,3.0,
21.0,159.0,183.0,0.0,13.0,
78.0,123.0,183.0,2.0,11.0,
28.0,86.0,183.0,9.0,4.0,
150.0,86.0,183.0,9.0,6.0,
29.0,104.0,183.0,9.0,5.0,
149.0,18.0,183.0,2.0,13.0,
186.0,6.0,183.0,10.0,4.0,
169.0,37.0,183.0,9.0,4.0,
165.0,9.0,183.0,1.0,13.0,
9.0,160.0,183.0,0.0,13.0,
85.0,12.0,183.0,13.0,1.0,
187.0,94.0,183.0,7.0,6.0,
160.0,72.0,183.0,13.0,1.0,
20.0,114.0,183.0,12.0,1.0,
141.0,150.0,183.0,14.0,0.0,
155.0,159.0,175.0,0.0,13.0,
107.0,145.0,175.0,6.0,8.0,
121.0,197.0,175.0,10.0,3.0,
1.0,28.0,175.0,11.0,3.0,
198.0,105.0,175.0,0.0,13.0,
86.0,37.0,175.0,14.0,0.0,
188.0,109.0,175.0,1.0,13.0,
7.0,107.0,175.0,12.0,2.0,
42.0,96.0,175.0,13.0,1.0,
183.0,168.0,175.0,1.0,14.0,
102.0,184.0,175.0,8.0,4.0,
80.0,24.0,175.0,13.0,1.0,
160.0,67.0,101.0,12.0,2.0,
75.0,54.0,101.0,14.0,0.0,
168.0,54.0,101.0,13.0,0.0,
133.0,196.0,101.0,12.0,2.0,
32.0,89.0,101.0,10.0,2.0,
8.0,148.0,101.0,13.0,1.0,
155.0,55.0,101.0,10.0,3.0,
6.0,30.0,101.0,13.0,0.0,
182.0,168.0,101.0,12.0,0.0,
62.0,146.0,101.0,15.0,0.0,
54.0,38.0,101.0,11.0,0.0,
115.0,150.0,101.0,13.0,0.0,
83.0,1.0,101.0,13.0,2.0,
62.0,78.0,32.0,14.0,0.0,
168.0,115.0,32.0,12.0,2.0,
169.0,67.0,32.0,9.0,5.0,
105.0,18.0,32.0,13.0,1.0,
172.0,110.0,32.0,1.0,13.0,
74.0,6.0,32.0,14.0,1.0,
141.0,98.0,32.0,4.0,11.0,
80.0,155.0,32.0,13.0,1.0,
115.0,36.0,32.0,13.0,1.0,
16.0,5.0,32.0,9.0,4.0,
107.0,186.0,32.0,9.0,5.0,
95.0,173.0,32.0,10.0,4.0,
65.0,8.0,32.0,12.0,2.0,
38.0,180.0,32.0,1.0,12.0,
137.0,133.0,32.0,2.0,12.0,
90.0,128.0,32.0,12.0,0.0,
117.0,29.0,173.0,14.0,1.0,
59.0,151.0,173.0,2.0,12.0,
11.0,124.0,173.0,7.0,7.0,
180.0,80.0,173.0,1.0,13.0,
33.0,2.0,173.0,1.0,13.0,
79.0,70.0,173.0,8.0,7.0,
21.0,175.0,173.0,3.0,10.0,
49.0,154.0,173.0,11.0,3.0,
13.0,154.0,173.0,9.0,5.0,
140.0,154.0,173.0,13.0,2.0,
39.0,16.0,173.0,1.0,14.0,
77.0,115.0,102.0,8.0,6.0,
154.0,10.0,102.0,10.0,2.0,
198.0,4.0,102.0,8.0,6.0,
92.0,56.0,102.0,11.0,3.0,
83.0,3.0,102.0,6.0,7.0,
142.0,69.0,102.0,15.0,0.0,
2.0,168.0,102.0,13.0,2.0,
157.0,193.0,102.0,8.0,4.0,
89.0,78.0,13.0,4.0,8.0,
30.0,10.0,13.0,6.0,8.0,
98.0,113.0,13.0,0.0,13.0,
38.0,164.0,13.0,1.0,11.0,
126.0,118.0,13.0,4.0,10.0,
3.0,165.0,13.0,9.0,5.0,
2.0,148.0,13.0,1.0,14.0,
54.0,11.0,13.0,3.0,9.0,
199.0,145.0,142.0,1.0,14.0,
51.0,97.0,142.0,6.0,8.0,
195.0,18.0,142.0,1.0,12.0,
82.0,164.0,142.0,6.0,7.0,
68.0,197.0,142.0,8.0,7.0,
19.0,12.0,142.0,4.0,9.0,
72.0,74.0,142.0,13.0,1.0,
71.0,102.0,142.0,6.0,8.0,
81.0,140.0,142.0,8.0,5.0,
60.0,50.0,142.0,0.0,14.0,
37.0,168.0,142.0,13.0,2.0,
15.0,78.0,166.0,13.0,1.0,
178.0,95.0,166.0,12.0,1.0,
60.0,91.0,166.0,0.0,13.0,
7.0,88.0,166.0,13.0,0.0,
21.0,6.0,166.0,5.0,8.0,
24.0,28.0,166.0,13.0,1.0,
127.0,2.0,166.0,14.0,0.0,
98.0,22.0,166.0,8.0,6.0,
85.0,154.0,166.0,13.0,1.0,
97.0,46.0,166.0,13.0,0.0,
49.0,184.0,166.0,14.0,0.0,
65.0,176.0,166.0,11.0,2.0,
13.0,14.0,154.0,9.0,6.0,
63.0,92.0,154.0,0.0,13.0,
38.0,28.0,154.0,8.0,7.0,
86.0,136.0,154.0,6.0,9.0,
67.0,60.0,154.0,1.0,13.0,
91.0,20.0,154.0,5.0,10.0,
23.0,175.0,154.0,0.0,14.0,
130.0,101.0,154.0,0.0,13.0,
85.0,166.0,154.0,0.0,14.0,
81.0,19.0,154.0,10.0,5.0,
117.0,31.0,154.0,0.0,12.0,
197.0,14.0,172.0,12.0,0.0,
116.0,88.0,172.0,15.0,0.0,
195.0,151.0,172.0,15.0,0.0,
44.0,43.0,172.0,10.0,2.0,
1.0,41.0,172.0,12.0,0.0,
127.0,98.0,172.0,15.0,0.0,
194.0,155.0,172.0,12.0,2.0,
2.0,186.0,172.0,14.0,0.0,
178.0,60.0,172.0,2.0,11.0,
3.0,129.0,172.0,15.0,0.0,
53.0,198.0,172.0,7.0,6.0,
82.0,140.0,172.0,12.0,0.0,
120.0,133.0,172.0,14.0,1.0,
18.0,181.0,172.0,10.0,5.0,
129.0,187.0,172.0,5.0,5.0,
21.0,131.0,8.0,8.0,6.0,
98.0,123.0,8.0,3.0,9.0,
84.0,88.0,8.0,4.0,11.0,
93.0,121.0,8.0,0.0,13.0,
67.0,105.0,8.0,0.0,14.0,
69.0,160.0,8.0,0.0,13.0,
38.0,108.0,8.0,0.0,15.0,
135.0,138.0,8.0,2.0,12.0,
126.0,11.0,8.0,14.0,0.0,
65.0,32.0,8.0,2.0,12.0,
126.0,13.0,8.0,14.0,0.0,
22.0,96.0,8.0,1.0,12.0,
154.0,96.0,8.0,5.0,9.0,
137.0,106.0,8.0,9.0,3.0,
175.0,181.0,8.0,12.0,1.0,
145.0,187.0,8.0,13.0,1.0,
48.0,66.0,69.0,15.0,0.0,
94.0,95.0,69.0,2.0,13.0,
122.0,194.0,69.0,6.0,8.0,
61.0,194.0,69.0,5.0,8.0,
75.0,97.0,69.0,0.0,15.0,
48.0,98.0,69.0,5.0,9.0,
91.0,174.0,69.0,2.0,13.0,
68.0,65.0,69.0,2.0,10.0,
85.0,180.0,69.0,0.0,13.0,
178.0,17.0,69.0,9.0,6.0,
164.0,106.0,69.0,0.0,15.0,
118.0,66.0,52.0,12.0,3.0,
128.0,124.0,52.0,7.0,6.0,
131.0,18.0,52.0,8.0,5.0,
49.0,18.0,52.0,3.0,11.0,
138.0,5.0,52.0,13.0,1.0,
161.0,158.0,52.0,14.0,1.0,
162.0,166.0,52.0,0.0,13.0,
162.0,137.0,52.0,7.0,8.0,
48.0,38.0,52.0,13.0,0.0,
77.0,193.0,52.0,4.0,10.0,
114.0,1.0,52.0,14.0,0.0,
30.0,194.0,76.0,4.0,10.0,
194.0,131.0,76.0,6.0,7.0,
54.0,91.0,76.0,3.0,12.0,
137.0,134.0,76.0,11.0,2.0,
97.0,2.0,76.0,7.0,7.0,
75.0,141.0,76.0,0.0,15.0,
135.0,74.0,76.0,8.0,5.0,
133.0,101.0,76.0,3.0,12.0,
162.0,38.0,76.0,7.0,6.0,
1.0,63.0,76.0,5.0,9.0,
151.0,181.0,76.0,13.0,1.0,
86.0,131.0,19.0,2.0,12.0,
81.0,91.0,19.0,6.0,7.0,
7.0,59.0,19.0,4.0,10.0,
140.0,115.0,19.0,10.0,4.0,
130.0,97.0,19.0,0.0,14.0,
127.0,98.0,19.0,9.0,6.0,
175.0,28.0,19.0,8.0,6.0,
132.0,54.0,19.0,2.0,13.0,
35.0,174.0,19.0,11.0,4.0,
106.0,158.0,19.0,9.0,4.0,
94.0,122.0,19.0,0.0,13.0,
123.0,177.0,19.0,7.0,6.0,
197.0,8.0,19.0,6.0,8.0,
119.0,76.0,19.0,9.0,4.0,
173.0,99.0,19.0,4.0,9.0,
132.0,15.0,19.0,1.0,13.0,
113.0,193.0,19.0,8.0,7.0,
96.0,190.0,119.0,4.0,9.0,
86.0,164.0,119.0,13.0,1.0,
198.0,197.0,119.0,2.0,11.0,
53.0,21.0,119.0,6.0,9.0,
130.0,196.0,119.0,2.0,11.0,
112.0,39.0,119.0,9.0,6.0,
140.0,8.0,119.0,9.0,5.0,
66.0,76.0,119.0,8.0,6.0,
14.0,24.0,119.0,9.0,6.0,
42.0,128.0,119.0,10.0,4.0,
1.0,67.0,61.0,4.0,10.0,
90.0,167.0,61.0,13.0,0.0,
186.0,112.0,61.0,0.0,13.0,
151.0,148.0,61.0,4.0,9.0,
182.0,148.0,61.0,4.0,9.0,
156.0,30.0,61.0,0.0,14.0,
36.0,132.0,61.0,0.0,14.0,
168.0,50.0,61.0,2.0,13.0,
137.0,38.0,61.0,3.0,9.0,
140.0,123.0,182.0,0.0,13.0,
73.0,92.0,182.0,1.0,13.0,
87.0,190.0,182.0,7.0,7.0,
95.0,104.0,182.0,1.0,11.0,
147.0,161.0,182.0,8.0,6.0,
179.0,164.0,182.0,5.0,9.0,
179.0,160.0,182.0,0.0,13.0,
81.0,22.0,182.0,8.0,6.0,
152.0,3.0,182.0,3.0,11.0,
170.0,101.0,182.0,1.0,12.0,
143.0,173.0,182.0,3.0,11.0,
29.0,195.0,182.0,1.0,12.0,
68.0,125.0,182.0,5.0,10.0,
32.0,85.0,48.0,12.0,3.0,
143.0,104.0,48.0,3.0,10.0,
146.0,197.0,48.0,14.0,0.0,
161.0,165.0,48.0,4.0,10.0,
147.0,165.0,48.0,12.0,3.0,
16.0,36.0,48.0,3.0,11.0,
127.0,138.0,48.0,1.0,14.0,
56.0,119.0,48.0,6.0,7.0,
26.0,191.0,48.0,8.0,6.0,
42.0,180.0,48.0,2.0,12.0,
125.0,24.0,48.0,3.0,10.0,
46.0,47.0,48.0,15.0,0.0,
55.0,14.0,169.0,2.0,13.0,
196.0,88.0,169.0,13.0,0.0,
84.0,43.0,169.0,9.0,6.0,
39.0,162.0,169.0,1.0,13.0,
65.0,136.0,169.0,4.0,8.0,
120.0,173.0,169.0,8.0,6.0,
153.0,8.0,169.0,10.0,4.0,
4.0,182.0,169.0,2.0,12.0,
177.0,106.0,169.0,4.0,10.0,
21.0,176.0,169.0,0.0,15.0,
95.0,29.0,25.0,4.0,8.0,
196.0,29.0,25.0,0.0,14.0,
98.0,14.0,25.0,11.0,2.0,
125.0,23.0,25.0,1.0,12.0,
87.0,164.0,25.0,3.0,12.0,
98.0,139.0,25.0,15.0,0.0,
29.0,62.0,25.0,9.0,6.0,
21.0,136.0,25.0,5.0,10.0,
36.0,144.0,25.0,3.0,11.0,
7.0,20.0,25.0,5.0,8.0,
89.0,173.0,25.0,11.0,4.0,
101.0,140.0,25.0,10.0,4.0,
81.0,50.0,25.0,3.0,11.0,
20.0,156.0,25.0,11.0,2.0,
179.0,47.0,25.0,0.0,13.0,
47.0,0.0,30.0,8.0,7.0,
172.0,82.0,30.0,1.0,13.0,
55.0,84.0,30.0,11.0,0.0,
195.0,162.0,30.0,1.0,12.0,
144.0,62.0,30.0,12.0,1.0,
192.0,112.0,30.0,15.0,0.0,
143.0,103.0,30.0,9.0,6.0,
22.0,53.0,30.0,7.0,3.0,
69.0,141.0,30.0,11.0,4.0,
78.0,174.0,30.0,10.0,2.0,
156.0,61.0,30.0,14.0,0.0,
108.0,170.0,30.0,9.0,1.0,
77.0,180.0,30.0,3.0,10.0,
165.0,14.0,114.0,6.0,7.0,
118.0,67.0,114.0,8.0,5.0,
29.0,167.0,114.0,7.0,6.0,
188.0,6.0,114.0,6.0,8.0,
111.0,162.0,114.0,0.0,14.0,
126.0,21.0,114.0,1.0,13.0,
106.0,54.0,114.0,15.0,0.0,
137.0,174.0,114.0,2.0,13.0,
193.0,138.0,114.0,2.0,11.0,
95.0,77.0,114.0,3.0,10.0,
154.0,129.0,114.0,5.0,10.0,
153.0,111.0,114.0,6.0,9.0,
24.0,198.0,114.0,4.0,11.0,
66.0,72.0,114.0,0.0,14.0,
37.0,96.0,114.0,6.0,9.0,
187.0,146.0,114.0,0.0,15.0,
17.0,133.0,114.0,0.0,15.0,
30.0,68.0,114.0,0.0,13.0,
173.0,176.0,114.0,0.0,13.0,
41.0,159.0,107.0,0.0,13.0,
128.0,35.0,107.0,2.0,10.0,
171.0,194.0,107.0,4.0,9.0,
33.0,190.0,107.0,2.0,13.0,
119.0,178.0,107.0,2.0,12.0,
130.0,82.0,107.0,3.0,9.0,
67.0,28.0,107.0,3.0,11.0,
28.0,165.0,107.0,11.0,2.0,
87.0,103.0,107.0,8.0,6.0,
157.0,111.0,107.0,10.0,2.0,
138.0,63.0,107.0,2.0,12.0,
129.0,86.0,140.0,12.0,1.0,
197.0,151.0,140.0,11.0,3.0,
74.0,81.0,140.0,3.0,12.0,
94.0,45.0,140.0,13.0,1.0,
163.0,79.0,140.0,10.0,3.0,
82.0,172.0,140.0,0.0,12.0,
86.0,25.0,140.0,8.0,5.0,
105.0,147.0,140.0,11.0,0.0,
26.0,195.0,140.0,0.0,13.0,
74.0,106.0,140.0,11.0,4.0,
102.0,14.0,132.0,11.0,2.0,
93.0,67.0,132.0,6.0,7.0,
34.0,161.0,132.0,14.0,0.0,
14.0,41.0,132.0,13.0,0.0,
120.0,82.0,132.0,13.0,1.0,
113.0,45.0,132.0,2.0,13.0,
167.0,36.0,132.0,14.0,0.0,
106.0,3.0,132.0,11.0,2.0,
33.0,143.0,132.0,13.0,0.0,
36.0,61.0,132.0,15.0,0.0,
192.0,63.0,132.0,11.0,2.0,
30.0,63.0,132.0,14.0,0.0,
39.0,47.0,132.0,12.0,0.0,
111.0,176.0,132.0,12.0,0.0,
77.0,23.0,170.0,8.0,6.0,
41.0,164.0,170.0,12.0,1.0,
178.0,84.0,170.0,10.0,3.0,
38.0,108.0,170.0,2.0,12.0,
81.0,90.0,170.0,9.0,5.0,
1.0,138.0,170.0,3.0,12.0,
78.0,94.0,170.0,10.0,4.0,
99.0,94.0,170.0,7.0,6.0,
27.0,100.0,170.0,7.0,5.0,
48.0,111.0,170.0,13.0,0.0,
25.0,198.0,170.0,15.0,0.0,
60.0,72.0,170.0,0.0,14.0,
141.0,25.0,170.0,9.0,5.0,
197.0,185.0,170.0,10.0,2.0,
167.0,106.0,170.0,10.0,4.0,
121.0,181.0,170.0,13.0,0.0,
96.0,120.0,50.0,5.0,8.0,
24.0,82.0,50.0,3.0,11.0,
46.0,2.0,50.0,3.0,10.0,
68.0,136.0,50.0,0.0,13.0,
116.0,126.0,50.0,6.0,7.0,
195.0,163.0,50.0,13.0,1.0,
157.0,102.0,50.0,3.0,11.0,
14.0,191.0,50.0,11.0,3.0,
66.0,93.0,50.0,6.0,8.0,
21.0,128.0,50.0,8.0,5.0,
180.0,31.0,50.0,0.0,13.0,
136.0,110.0,156.0,6.0,9.0,
124.0,164.0,156.0,7.0,6.0,
96.0,28.0,156.0,1.0,13.0,
76.0,21.0,156.0,2.0,11.0,
1.0,56.0,156.0,5.0,9.0,
112.0,9.0,156.0,1.0,12.0,
196.0,53.0,156.0,3.0,11.0,
89.0,50.0,156.0,1.0,12.0,
120.0,191.0,156.0,0.0,15.0,
185.0,147.0,156.0,2.0,9.0,
75.0,195.0,156.0,1.0,13.0,
160.0,16.0,156.0,12.0,0.0,
1.0,35.0,99.0,4.0,10.0,
122.0,97.0,99.0,0.0,14.0,
166.0,151.0,99.0,13.0,2.0,
196.0,41.0,99.0,7.0,8.0,
111.0,105.0,99.0,0.0,13.0,
66.0,94.0,99.0,9.0,4.0,
23.0,171.0,99.0,0.0,14.0,
40.0,13.0,99.0,12.0,1.0,
79.0,46.0,99.0,0.0,14.0,
152.0,106.0,99.0,1.0,14.0,
81.0,10.0,191.0,7.0,8.0,
149.0,161.0,191.0,0.0,14.0,
186.0,117.0,191.0,1.0,12.0,
29.0,134.0,191.0,13.0,0.0,
96.0,57.0,191.0,0.0,15.0,
197.0,199.0,191.0,4.0,10.0,
48.0,65.0,191.0,14.0,0.0,
36.0,100.0,191.0,6.0,8.0,
86.0,60.0,191.0,1.0,14.0,
112.0,76.0,191.0,15.0,0.0,
0.0,99.0,191.0,7.0,7.0,
65.0,187.0,191.0,0.0,15.0,
82.0,115.0,180.0,11.0,3.0,
101.0,10.0,180.0,4.0,8.0,
108.0,42.0,180.0,15.0,0.0,
91.0,117.0,180.0,15.0,0.0,
138.0,2.0,180.0,4.0,9.0,
34.0,126.0,180.0,12.0,2.0,
42.0,48.0,180.0,12.0,2.0,
101.0,114.0,180.0,4.0,9.0,
58.0,15.0,180.0,14.0,0.0,
21.0,2.0,147.0,12.0,2.0,
49.0,144.0,147.0,0.0,14.0,
179.0,144.0,147.0,12.0,1.0,
13.0,100.0,147.0,14.0,1.0,
55.0,13.0,147.0,2.0,12.0,
37.0,69.0,147.0,14.0,0.0,
35.0,146.0,147.0,6.0,8.0,
170.0,15.0,147.0,12.0,2.0,
53.0,17.0,147.0,9.0,6.0,
69.0,1.0,147.0,14.0,0.0,
80.0,194.0,96.0,12.0,0.0,
51.0,131.0,96.0,12.0,1.0,
41.0,115.0,96.0,10.0,4.0,
104.0,124.0,96.0,2.0,13.0,
195.0,178.0,96.0,2.0,12.0,
141.0,4.0,96.0,1.0,12.0,
8.0,18.0,96.0,11.0,4.0,
181.0,110.0,96.0,11.0,4.0,
58.0,197.0,96.0,0.0,14.0,
103.0,122.0,96.0,0.0,13.0,
22.0,8.0,96.0,10.0,3.0,
9.0,182.0,96.0,2.0,13.0,
87.0,195.0,96.0,3.0,11.0,
35.0,93.0,96.0,6.0,6.0,
14.0,157.0,96.0,8.0,5.0,
13.0,176.0,96.0,7.0,7.0,
107.0,71.0,96.0,13.0,1.0,
157.0,35.0,195.0,1.0,13.0,
20.0,88.0,195.0,12.0,2.0,
62.0,151.0,195.0,13.0,0.0,
86.0,23.0,195.0,6.0,6.0,
147.0,178.0,195.0,4.0,11.0,
164.0,139.0,195.0,5.0,7.0,
25.0,127.0,195.0,13.0,1.0,
83.0,135.0,195.0,1.0,12.0,
30.0,9.0,195.0,3.0,12.0,
0.0,186.0,195.0,3.0,11.0,
191.0,3.0,195.0,3.0,12.0,
59.0,11.0,195.0,2.0,12.0,
75.0,156.0,195.0,13.0,1.0,
148.0,156.0,195.0,0.0,13.0,
68.0,46.0,195.0,0.0,14.0,
196.0,78.0,185.0,12.0,1.0,
197.0,35.0,185.0,7.0,8.0,
84.0,85.0,185.0,4.0,10.0,
0.0,115.0,185.0,9.0,3.0,
86.0,80.0,185.0,6.0,9.0,
119.0,26.0,185.0,1.0,13.0,
118.0,160.0,185.0,0.0,12.0,
150.0,34.0,185.0,6.0,7.0,
104.0,180.0,185.0,0.0,14.0,
119.0,96.0,185.0,1.0,13.0,
90.0,125.0,185.0,3.0,10.0,
159.0,181.0,185.0,10.0,3.0,
156.0,176.0,185.0,2.0,11.0,
71.0,131.0,46.0,12.0,2.0,
170.0,190.0,46.0,15.0,0.0,
110.0,113.0,46.0,9.0,5.0,
163.0,49.0,46.0,13.0,0.0,
132.0,70.0,46.0,0.0,13.0,
180.0,111.0,46.0,14.0,0.0,
20.0,143.0,46.0,14.0,0.0,
52.0,198.0,46.0,11.0,2.0,
66.0,182.0,46.0,15.0,0.0,
153.0,96.0,46.0,13.0,0.0,
118.0,146.0,46.0,14.0,0.0,
17.0,31.0,46.0,11.0,3.0,
5.0,123.0,168.0,3.0,11.0,
162.0,86.0,168.0,4.0,9.0,
113.0,4.0,168.0,12.0,0.0,
193.0,139.0,168.0,11.0,3.0,
13.0,82.0,168.0,3.0,10.0,
91.0,6.0,168.0,11.0,2.0,
64.0,54.0,168.0,11.0,2.0,
17.0,57.0,168.0,0.0,14.0,
195.0,53.0,168.0,0.0,14.0,
53.0,108.0,168.0,1.0,13.0,
136.0,5.0,168.0,7.0,7.0,
125.0,40.0,168.0,2.0,11.0,
97.0,70.0,168.0,12.0,1.0,
117.0,48.0,168.0,14.0,0.0,
126.0,106.0,168.0,0.0,14.0,
7.0,181.0,168.0,0.0,15.0,
82.0,85.0,146.0,1.0,12.0,
137.0,0.0,146.0,10.0,3.0,
55.0,39.0,146.0,8.0,6.0,
193.0,100.0,146.0,5.0,9.0,
96.0,20.0,146.0,14.0,1.0,
100.0,175.0,146.0,6.0,7.0,
62.0,101.0,146.0,1.0,14.0,
68.0,119.0,146.0,9.0,4.0,
63.0,169.0,146.0,7.0,6.0,
194.0,195.0,146.0,7.0,7.0,
36.0,63.0,146.0,12.0,1.0,
106.0,66.0,137.0,10.0,5.0,
95.0,78.0,137.0,14.0,0.0,
70.0,152.0,137.0,15.0,0.0,
102.0,86.0,137.0,12.0,2.0,
59.0,197.0,137.0,12.0,0.0,
12.0,73.0,137.0,13.0,0.0,
154.0,36.0,137.0,15.0,0.0,
180.0,36.0,137.0,7.0,6.0,
156.0,2.0,137.0,14.0,0.0,
64.0,136.0,137.0,13.0,0.0,
195.0,198.0,137.0,15.0,0.0,
71.0,132.0,137.0,7.0,8.0,
147.0,31.0,137.0,11.0,2.0,
41.0,49.0,38.0,2.0,12.0,
48.0,98.0,38.0,2.0,12.0,
60.0,141.0,38.0,13.0,2.0,
57.0,136.0,38.0,4.0,10.0,
136.0,158.0,38.0,10.0,1.0,
87.0,79.0,38.0,6.0,8.0,
0.0,44.0,38.0,8.0,6.0,
65.0,119.0,38.0,9.0,5.0,
111.0,92.0,116.0,2.0,12.0,
191.0,145.0,116.0,3.0,10.0,
160.0,151.0,116.0,3.0,11.0,
65.0,62.0,116.0,14.0,0.0,
142.0,130.0,116.0,4.0,9.0,
24.0,44.0,116.0,5.0,9.0,
57.0,156.0,116.0,2.0,12.0,
59.0,15.0,116.0,10.0,3.0,
187.0,115.0,15.0,1.0,11.0,
182.0,10.0,15.0,6.0,7.0,
100.0,113.0,15.0,1.0,13.0,
158.0,84.0,15.0,10.0,5.0,
19.0,81.0,15.0,0.0,15.0,
19.0,89.0,15.0,0.0,14.0,
139.0,55.0,15.0,1.0,11.0,
100.0,109.0,15.0,3.0,11.0,
125.0,107.0,15.0,1.0,12.0,
141.0,180.0,15.0,0.0,14.0,
170.0,147.0,15.0,2.0,12.0,
43.0,195.0,15.0,4.0,10.0,
197.0,67.0,193.0,2.0,12.0,
171.0,80.0,193.0,5.0,9.0,
106.0,80.0,193.0,3.0,9.0,
192.0,135.0,193.0,0.0,13.0,
172.0,57.0,193.0,3.0,10.0,
103.0,186.0,193.0,3.0,10.0,
60.0,138.0,193.0,10.0,4.0,
65.0,158.0,193.0,9.0,4.0,
179.0,39.0,193.0,8.0,7.0,
113.0,122.0,193.0,0.0,13.0,
60.0,189.0,193.0,1.0,13.0,
167.0,64.0,193.0,6.0,6.0,
160.0,181.0,193.0,1.0,11.0,
48.0,59.0,93.0,11.0,2.0,
67.0,197.0,93.0,2.0,10.0,
112.0,58.0,93.0,8.0,6.0,
114.0,58.0,93.0,14.0,0.0,
81.0,55.0,93.0,11.0,2.0,
178.0,65.0,93.0,10.0,0.0,
44.0,65.0,93.0,13.0,1.0,
46.0,182.0,93.0,0.0,15.0,
30.0,114.0,93.0,13.0,0.0,
178.0,1.0,93.0,11.0,2.0,
33.0,14.0,133.0,11.0,1.0,
52.0,54.0,133.0,8.0,6.0,
42.0,9.0,133.0,5.0,9.0,
76.0,138.0,133.0,3.0,11.0,
62.0,3.0,133.0,13.0,1.0,
41.0,144.0,133.0,11.0,3.0,
42.0,20.0,133.0,12.0,2.0,
13.0,182.0,133.0,14.0,0.0,
156.0,4.0,184.0,2.0,12.0,
186.0,139.0,184.0,13.0,2.0,
168.0,73.0,184.0,3.0,11.0,
46.0,165.0,184.0,8.0,4.0,
100.0,53.0,184.0,9.0,5.0,
73.0,199.0,184.0,1.0,13.0,
125.0,144.0,184.0,11.0,3.0,
20.0,129.0,184.0,3.0,10.0,
168.0,171.0,184.0,3.0,10.0,
9.0,153.0,184.0,13.0,0.0,
102.0,175.0,184.0,3.0,9.0,
49.0,166.0,184.0,0.0,14.0,
138.0,50.0,184.0,3.0,11.0,
74.0,47.0,184.0,2.0,11.0,
141.0,187.0,184.0,14.0,0.0,
142.0,187.0,184.0,6.0,7.0,
9.0,86.0,125.0,5.0,9.0,
143.0,36.0,125.0,9.0,6.0,
81.0,5.0,125.0,12.0,2.0,
188.0,55.0,125.0,13.0,1.0,
174.0,126.0,125.0,14.0,1.0,
177.0,198.0,125.0,8.0,6.0,
158.0,99.0,125.0,14.0,0.0,
17.0,184.0,125.0,5.0,8.0,
127.0,7.0,24.0,0.0,14.0,
14.0,86.0,24.0,8.0,6.0,
190.0,42.0,24.0,3.0,11.0,
50.0,75.0,24.0,7.0,7.0,
36.0,164.0,24.0,8.0,5.0,
12.0,83.0,24.0,0.0,15.0,
158.0,160.0,24.0,2.0,12.0,
193.0,186.0,24.0,0.0,15.0,
96.0,34.0,24.0,7.0,6.0,
168.0,138.0,24.0,0.0,15.0,
114.0,130.0,24.0,6.0,7.0,
121.0,136.0,24.0,8.0,5.0,
81.0,126.0,24.0,0.0,15.0,
199.0,177.0,24.0,10.0,4.0,
143.0,173.0,24.0,4.0,10.0,
157.0,191.0,24.0,14.0,0.0,
57.0,46.0,24.0,2.0,12.0,
108.0,15.0,24.0,0.0,14.0,
31.0,15.0,24.0,1.0,13.0,
31.0,93.0,24.0,14.0,1.0,
163.0,157.0,24.0,5.0,9.0,
151.0,106.0,24.0,4.0,10.0,
124.0,10.0,63.0,8.0,6.0,
67.0,82.0,63.0,4.0,11.0,
115.0,98.0,63.0,6.0,7.0,
7.0,148.0,63.0,6.0,9.0,
7.0,79.0,63.0,5.0,7.0,
93.0,166.0,63.0,0.0,12.0,
199.0,154.0,63.0,4.0,8.0,
133.0,25.0,63.0,10.0,3.0,
192.0,132.0,63.0,6.0,7.0,
117.0,50.0,63.0,2.0,12.0,
36.0,146.0,63.0,1.0,12.0,
45.0,93.0,63.0,2.0,12.0,
130.0,181.0,63.0,0.0,15.0,
171.0,71.0,63.0,8.0,6.0,
191.0,120.0,17.0,6.0,7.0,
5.0,161.0,17.0,0.0,14.0,
175.0,178.0,17.0,8.0,5.0,
194.0,105.0,17.0,0.0,13.0,
40.0,165.0,17.0,10.0,4.0,
55.0,89.0,17.0,9.0,5.0,
132.0,125.0,17.0,6.0,8.0,
89.0,29.0,157.0,2.0,12.0,
170.0,80.0,157.0,2.0,12.0,
75.0,62.0,157.0,4.0,11.0,
90.0,21.0,157.0,0.0,14.0,
144.0,112.0,157.0,2.0,12.0,
176.0,103.0,157.0,8.0,7.0,
41.0,5.0,157.0,6.0,9.0,
194.0,32.0,157.0,3.0,11.0,
134.0,173.0,157.0,0.0,12.0,
179.0,146.0,157.0,13.0,2.0,
4.0,128.0,157.0,6.0,7.0,
190.0,194.0,106.0,12.0,3.0,
115.0,123.0,106.0,4.0,9.0,
74.0,161.0,106.0,0.0,14.0,
115.0,113.0,106.0,2.0,11.0,
87.0,26.0,106.0,5.0,8.0,
99.0,105.0,106.0,2.0,12.0,
72.0,141.0,106.0,2.0,12.0,
184.0,174.0,106.0,6.0,8.0,
53.0,163.0,106.0,10.0,3.0,
132.0,74.0,106.0,1.0,12.0,
164.0,69.0,106.0,15.0,0.0,
0.0,128.0,106.0,15.0,0.0,
187.0,16.0,106.0,0.0,12.0,
101.0,35.0,128.0,13.0,0.0,
84.0,162.0,128.0,0.0,14.0,
35.0,112.0,128.0,8.0,6.0,
93.0,138.0,128.0,1.0,14.0,
139.0,166.0,128.0,0.0,14.0,
186.0,193.0,128.0,5.0,7.0,
20.0,24.0,128.0,1.0,12.0,
4.0,157.0,128.0,10.0,3.0,
182.0,106.0,128.0,1.0,14.0,
109.0,35.0,64.0,3.0,9.0,
186.0,18.0,64.0,14.0,1.0,
56.0,26.0,64.0,0.0,15.0,
172.0,54.0,64.0,3.0,10.0,
97.0,36.0,64.0,0.0,13.0,
104.0,22.0,64.0,0.0,15.0,
5.0,25.0,64.0,8.0,4.0,
128.0,190.0,31.0,12.0,0.0,
150.0,190.0,31.0,14.0,1.0,
74.0,124.0,31.0,12.0,1.0,
105.0,4.0,31.0,0.0,13.0,
157.0,18.0,31.0,14.0,1.0,
46.0,117.0,31.0,0.0,13.0,
95.0,196.0,31.0,15.0,0.0,
151.0,179.0,31.0,13.0,1.0,
23.0,55.0,31.0,13.0,0.0,
134.0,19.0,31.0,13.0,1.0,
47.0,30.0,31.0,5.0,8.0,
115.0,93.0,31.0,10.0,3.0,
95.0,29.0,47.0,13.0,2.0,
101.0,117.0,47.0,12.0,2.0,
165.0,139.0,47.0,13.0,1.0,
158.0,49.0,47.0,2.0,12.0,
173.0,83.0,47.0,2.0,13.0,
88.0,36.0,47.0,7.0,8.0,
25.0,9.0,47.0,0.0,15.0,
126.0,39.0,47.0,10.0,1.0,
183.0,55.0,47.0,12.0,2.0,
0.0,142.0,47.0,13.0,1.0,
35.0,195.0,47.0,13.0,2.0,
74.0,184.0,47.0,12.0,1.0,
25.0,187.0,47.0,0.0,12.0,
166.0,176.0,47.0,6.0,6.0,
1.0,91.0,68.0,0.0,14.0,
140.0,10.0,68.0,7.0,6.0,
85.0,80.0,68.0,1.0,13.0,
113.0,161.0,68.0,13.0,0.0,
156.0,199.0,68.0,1.0,13.0,
3.0,48.0,68.0,0.0,12.0,
134.0,25.0,68.0,10.0,4.0,
53.0,181.0,68.0,9.0,5.0,
163.0,35.0,181.0,2.0,11.0,
114.0,123.0,181.0,2.0,13.0,
39.0,178.0,181.0,0.0,13.0,
29.0,139.0,181.0,8.0,5.0,
10.0,155.0,181.0,10.0,5.0,
144.0,90.0,181.0,0.0,13.0,
52.0,126.0,181.0,5.0,9.0,
40.0,77.0,181.0,2.0,13.0,
38.0,13.0,181.0,7.0,7.0,
18.0,172.0,181.0,6.0,9.0,
175.0,8.0,181.0,1.0,12.0,
123.0,180.0,181.0,5.0,9.0,
159.0,185.0,181.0,3.0,10.0,
7.0,168.0,181.0,12.0,3.0,
7.0,137.0,181.0,0.0,13.0,
18.0,188.0,181.0,3.0,10.0,
57.0,152.0,187.0,12.0,0.0,
65.0,4.0,187.0,10.0,4.0,
132.0,49.0,187.0,12.0,0.0,
98.0,105.0,187.0,1.0,14.0,
59.0,37.0,187.0,6.0,9.0,
195.0,90.0,187.0,9.0,6.0,
95.0,189.0,187.0,8.0,5.0,
80.0,163.0,187.0,12.0,1.0,
42.0,172.0,187.0,0.0,13.0,
175.0,8.0,187.0,4.0,10.0,
40.0,46.0,187.0,2.0,12.0,
141.0,184.0,187.0,3.0,11.0,
25.0,47.0,187.0,12.0,0.0,
100.0,42.0,150.0,7.0,6.0,
109.0,167.0,150.0,11.0,2.0,
26.0,178.0,150.0,2.0,11.0,
112.0,197.0,150.0,7.0,6.0,
68.0,73.0,150.0,2.0,11.0,
45.0,177.0,150.0,3.0,11.0,
141.0,183.0,150.0,0.0,14.0,
7.0,114.0,150.0,11.0,4.0,
22.0,114.0,150.0,1.0,13.0,
112.0,15.0,150.0,3.0,11.0,
152.0,194.0,1.0,11.0,1.0,
36.0,118.0,1.0,6.0,7.0,
176.0,196.0,1.0,13.0,1.0,
193.0,155.0,1.0,6.0,8.0,
141.0,90.0,1.0,4.0,10.0,
105.0,198.0,1.0,5.0,9.0,
83.0,101.0,1.0,2.0,13.0,
11.0,107.0,1.0,3.0,12.0,
92.0,170.0,1.0,1.0,12.0,
103.0,147.0,1.0,3.0,10.0,
25.0,63.0,1.0,6.0,9.0,
55.0,181.0,1.0,7.0,6.0,
62.0,14.0,188.0,9.0,3.0,
105.0,60.0,188.0,1.0,11.0,
199.0,106.0,188.0,13.0,2.0,
58.0,64.0,188.0,4.0,11.0,
57.0,150.0,188.0,12.0,2.0,
192.0,33.0,176.0,0.0,13.0,
74.0,88.0,176.0,12.0,2.0,
50.0,197.0,176.0,9.0,6.0,
182.0,112.0,176.0,8.0,7.0,
169.0,56.0,176.0,15.0,0.0,
145.0,155.0,176.0,5.0,7.0,
88.0,9.0,176.0,1.0,12.0,
28.0,90.0,176.0,2.0,12.0,
182.0,90.0,176.0,4.0,9.0,
139.0,158.0,176.0,7.0,7.0,
183.0,100.0,176.0,0.0,14.0,
93.0,70.0,176.0,8.0,4.0,
64.0,189.0,176.0,2.0,12.0,
69.0,198.0,176.0,10.0,3.0,
172.0,72.0,176.0,9.0,4.0,
180.0,183.0,176.0,5.0,9.0,
21.0,169.0,176.0,15.0,0.0,
136.0,170.0,176.0,0.0,13.0,
49.0,93.0,176.0,14.0,0.0,
33.0,31.0,176.0,0.0,14.0,
166.0,47.0,176.0,7.0,5.0,
172.0,78.0,16.0,6.0,7.0,
157.0,29.0,16.0,15.0,0.0,
187.0,14.0,16.0,13.0,0.0,
122.0,161.0,16.0,14.0,1.0,
126.0,113.0,16.0,12.0,2.0,
9.0,41.0,16.0,14.0,0.0,
32.0,6.0,16.0,13.0,0.0,
37.0,58.0,16.0,14.0,0.0,
70.0,57.0,16.0,14.0,1.0,
79.0,55.0,16.0,15.0,0.0,
193.0,55.0,16.0,13.0,0.0,
132.0,8.0,16.0,0.0,13.0,
177.0,68.0,16.0,13.0,0.0,
118.0,176.0,16.0,15.0,0.0,
177.0,131.0,71.0,3.0,11.0,
176.0,43.0,71.0,5.0,10.0,
14.0,164.0,71.0,11.0,1.0,
93.0,53.0,71.0,2.0,12.0,
118.0,198.0,71.0,1.0,13.0,
2.0,175.0,71.0,6.0,7.0,
86.0,193.0,71.0,10.0,3.0,
181.0,188.0,71.0,4.0,9.0,
