,modern,playful,clumsy,sharp,graceful,angular,strong,attention-grabbing,artistic,attractive,complex,calm,friendly,happy,legible,sloppy,warm,delicate,charming,formal,wide,disorderly,gentle,technical,boring,pretentious,bad,dramatic,thin,fresh,soft
ARSMaquetteWebOne,25.7683203442,22.8761736359,15.2429577398,68.0364029583,59.0476209543,19.3588549393,52.0071565477,36.894350055,32.078254468,56.9366489988,15.094396011,77.6721311615,71.4242648201,28.7690523067,62.7006942364,23.5892097159,56.1567148821,41.1123161218,55.0096443047,67.6312449964,50.8307888791,12.2423151828,81.7966989296,44.8818553791,58.9852280156,7.35187136678,30.0328302019,26.1178791274,51.6143982292,81.0796833579,66.5021291355
Acme-Regular,35.6930147181,51.1180654908,44.1337258605,50.7390680353,64.5978721508,29.4888058829,67.0647001736,47.7178033823,37.6644860994,52.4644861603,46.3188044427,73.3730877952,85.0993001765,42.9398641254,65.318496582,28.067521429,87.1879012428,55.5555910257,60.8769772233,52.9124517203,44.5808818838,23.4634653487,82.1292612601,28.4794613504,55.0499571423,37.4310792011,16.4365806289,41.4259465231,45.5290442858,80.9691699767,47.1901521956
AdventPro-SemiBold,35.5708379116,42.8005390154,38.3640868222,55.4288460013,59.4167169304,30.7634112785,51.581693777,58.0267717713,30.4321842593,43.2548089163,39.7486225824,70.1077944402,58.6830848509,46.211315067,76.3529991739,37.4195493387,65.7090613852,43.4952575115,63.0113465022,61.36067097,41.1042043993,31.2138908796,72.9197512846,45.4237414934,50.3970305563,41.0703679258,47.2121071367,35.0700129508,49.5498387034,78.7997725208,71.2533694721
Aldrich,58.4835900336,50.1792770985,41.9778410553,66.7649826666,60.2907609805,54.3242151622,61.2149413511,50.0667378428,50.2438331291,45.9794388601,51.4197040252,68.7280247,49.0776108067,36.2544509478,65.5222064807,37.4100802691,66.6377690701,37.5005442632,50.1488414145,46.1347672465,52.395781798,45.1135710339,63.302128797,43.9113648571,49.46471972,44.9966833165,55.8516846795,57.0382644298,49.0654665056,71.8089729135,42.4966090315
Alegreya-BoldItalic,69.3690434946,62.9990214583,38.3301180616,71.4127099912,99.5748364778,83.8270016052,62.2670176211,71.3968898826,68.908618948,100.0,84.4934530121,59.9686652658,95.2651399792,75.4567236829,72.1980510374,70.0064382154,83.2609464122,43.2658027465,100.0,60.8530528869,40.7665161438,43.1031390231,78.0810126785,71.5755567537,14.3695601821,61.8018121253,25.7173208476,80.1064775558,43.3855663804,84.572647944,62.9861026852
AllertaStencil-Regular,63.9721986985,57.7130789208,47.4354299118,50.1935930504,59.4085240458,46.3348236515,54.4968215946,62.4645537644,43.3881334166,49.6444196053,60.2955174678,54.9873851986,65.3275053073,39.2022453505,30.7623058841,30.7072304477,74.389199737,34.8408337802,58.0666836053,40.1515664546,58.8561826504,46.8987539571,63.4117485914,86.6783672985,40.1775480811,63.2105323651,40.154833485,60.0426538902,46.1188477324,65.7295665134,48.0968660899
Amethysta-Regular,29.4409849108,25.6453335281,6.37567829942,86.6024176998,87.2011238328,58.6278079264,51.3049709148,37.2074486811,18.9397771569,31.1840473,23.7136464067,82.7361220424,63.9927399357,42.1642428217,80.6386898214,26.1220146117,42.2239488274,40.3821080967,60.2888406793,91.7656554539,50.4085076132,15.2834212575,92.4088762589,47.7981233366,31.4803700829,38.1025919646,12.9291845814,12.9728255536,51.1986197982,89.5058739541,67.2851949729
Andada-Bold,44.0400833457,37.4192175364,42.18984686,61.6112190055,84.7609301833,41.705769904,83.524338602,73.2123295239,39.6121119678,68.0055205602,51.4793097568,64.8011107671,67.3158384871,47.727084162,84.1795131356,33.4129979097,77.8305851021,29.4031780528,56.4020609725,84.6854544875,53.0964873027,25.6732801248,81.1643066888,49.9268859873,51.4081760233,51.0740553642,25.9597407352,43.8487477833,34.5267806339,71.5125191986,34.0704406489
Andada-Italic,69.3777750175,61.9762578991,31.4282335082,76.6975783113,83.1870773716,62.1654589754,41.329285626,56.8277087017,58.8169894055,69.0352101826,48.6267673527,77.6164792993,94.2718424593,68.0797891095,86.0924227902,58.1574814163,98.1055978031,50.5979333026,86.073459348,55.3471623085,47.2124174269,25.7952420514,88.9499316863,48.9129562474,5.33646249366,64.0029242616,25.4547540193,52.1119452351,54.004254399,92.0148291129,69.5417745389
AndadaSC-Bold,25.0869876901,38.1762779719,49.9951306859,75.6269467638,63.8835810426,60.8964633351,74.5459081874,68.8523421055,42.2821611045,66.2006166337,53.1583078304,43.2902330193,46.6249410826,49.3372371745,80.4630091874,27.1645961475,73.6570024816,46.5314745206,56.9585327674,57.2596596426,57.5916758376,37.0888722746,71.132195718,51.2762789148,40.7669417715,70.5391193689,57.1230468466,52.3396901853,3.73142334194,94.5287343679,17.201551561
AnonymousPro,35.3017874575,36.5978508279,26.4189202753,50.884254498,50.3054221867,31.7824043362,28.3919928991,25.7333717068,29.0497769816,34.2843832109,31.9089157925,73.4685306441,73.0828373813,19.2336635516,67.1866422114,27.7491443904,41.7437317258,44.8678480694,46.7070533332,69.8908477556,51.3188169557,37.0856767591,74.6243978968,40.2540040992,61.4301575316,9.21194217902,38.7702454067,28.0098190211,65.9198457047,76.9665279637,70.9546850887
ArchivoNarrow-Regular,33.693723732,24.3378752497,34.2886977713,75.2488710642,57.8628113159,3.72809519066,53.5128171139,23.8808042339,20.7562337069,41.0222264937,36.1840775424,82.0022114294,74.0058718964,30.23835542,69.8508193914,30.8095524824,63.5736639814,51.407209554,40.4375823361,68.4694178923,40.0479565644,14.7719707855,77.9880883376,7.75845614682,47.3322982598,16.3313385441,34.388290426,19.0596221097,56.7523533366,78.1588295661,71.2216834727
ArialRoundedMTBold,33.2406627844,36.4233569532,24.4349031122,52.0703368944,75.5359237434,29.0540018284,67.1257007588,54.3896155393,26.0139030432,55.8367153836,23.753431961,59.6532107796,81.5679989075,45.5313034322,60.8033603006,36.8902163477,71.3735058094,44.6492835571,65.4106408736,98.4413776163,48.1764550517,24.1052341844,88.4021342261,21.3149211154,35.5159574928,31.0684727769,37.4052305948,37.6217175301,42.9520290337,89.1346432251,58.4086842727
ArialUnicodeMS,23.009654406,27.625124738,0.0,53.4090234765,78.0454488814,5.53178009693,52.6660166448,29.4672088896,5.52531894673,46.8132566874,19.3998199857,82.3486788673,85.4625864419,37.6833304513,90.259591457,14.3150831683,64.5102752489,42.3319833513,50.5039612143,84.1448848933,46.6311734171,24.1115389068,77.7918063153,20.131822598,60.5371324659,30.4763678173,10.7580523482,0.0,50.584111915,87.6904590363,64.4052365178
Arimo-Bold,38.3634934363,27.8877174075,23.2336012992,43.9219470121,73.0650900177,30.5602052967,76.2919599615,60.2559984826,13.5098632357,54.8963611713,24.666184982,55.7373417746,70.1016870373,32.5292059855,90.5683949532,19.5533603168,64.9240661107,27.746137935,57.0419212533,79.1190921948,53.9893668843,26.8043331932,79.8505348665,15.5087469866,52.7826823724,48.6460459153,23.7943126723,25.7246182291,36.1755042359,90.3200141328,51.2964352619
Arimo-BoldItalic,53.1157193729,27.9505659069,27.3077312253,52.0515529905,73.9358768,56.7926395097,68.5978722658,51.7198045165,31.2168288905,56.6971586865,37.0821964033,66.9135438769,76.0137683746,53.6541777653,82.5160306002,46.3832811086,82.5559413856,42.9389201947,63.6946479629,52.6029769485,56.2374909332,30.3538486864,78.0660205015,35.3453091804,31.8888108317,50.3971938191,20.8130103499,47.2384947494,42.3893562442,94.2161165834,48.1326649767
Arizonia-Regular,71.2084210815,81.6972505303,71.5658783424,59.0421003318,91.4415046574,77.8096242278,27.2172028673,43.3412834463,87.4451592148,65.4422208655,92.3779252756,65.4557103757,69.2984675008,68.4578931937,30.9576590269,95.1121930758,53.5348712222,64.8868559437,88.3153316613,30.601744128,29.5042510923,74.9215037981,84.084336338,81.9235762574,22.5193692618,54.701091536,67.4410807509,92.5649141274,66.1171372248,71.9234569508,70.949477198
Arvo-Bold,35.2977919436,38.766037733,38.4836240058,50.6361418507,65.2431524926,34.5697080332,76.324429314,62.7166701666,47.5449122913,70.0234881819,55.9899724084,52.9287862104,64.6074675981,40.3173256287,63.8819003796,29.7345849997,84.8757105368,35.0081227569,61.7990716557,77.8908872614,57.6303192574,30.9786284094,72.664815851,65.5053762069,54.8585659559,45.9917096536,22.6712571346,54.6944978088,34.180979185,78.9488235884,49.0869884025
Arvo-BoldItalic,52.3565606238,46.403066026,57.6436962373,43.7767500482,74.0314947672,70.0696062025,81.5157094612,62.3342282502,56.6766440643,68.2032059722,68.0778134351,49.0753089401,65.8433429564,40.4275064881,72.752873252,64.7315997443,81.5519493748,35.5915260298,62.009801398,49.3569279582,53.2555834944,49.5355251376,76.0346786433,67.6728192134,46.9044267708,62.336020816,39.7894845356,65.5513959372,41.1449296921,75.2130412042,29.7246959443
Arvo-Italic,48.0437941009,62.6633845973,43.4525782499,86.4078520405,69.078586471,100.0,55.7869700827,48.9086760714,54.4912389369,64.6530350185,38.4821094713,67.2757720896,70.281053959,56.0290538358,72.5663441672,57.6181959949,58.3929084515,47.5794406932,61.7042108932,68.617367264,54.1798953125,31.2966616819,72.3354269759,77.4997268582,30.4974992949,39.7480867263,52.4463602956,36.8007545848,45.3810932818,90.5559354925,58.314564155
Asap-Regular,28.1096932071,27.2036156766,13.5895724057,85.0379180734,56.7451173107,40.5937442599,54.6046427166,15.3768096039,14.2033653368,47.717764031,33.3226337132,71.0611174124,73.4237393557,33.0578458654,73.1115577812,19.4777004607,67.5001107778,48.7777808893,59.2462283588,74.0536546091,48.3360468811,30.3451760654,83.9823099334,20.8776543876,61.6149588315,29.2830285667,18.9078472564,24.5136697931,52.9231897257,79.8795622015,63.8545593334
Asset,20.024123828,33.1747509303,73.0457006715,0.972091918841,20.6809541562,31.650190963,74.188885897,38.0100116632,42.0979780781,26.843488747,78.0741214895,0.0,15.1579018678,3.04753836239,0.302079076369,51.7369145162,66.3657014857,4.89209658238,20.4968033076,34.3014717201,65.5410722718,66.0602819074,31.8186347181,13.2469706696,72.2954815469,35.7850081352,84.5306816945,52.5713290552,0.0,25.7672840318,19.7434136471
Astloch-Bold,67.0740275811,93.1576378619,85.3335106797,31.8454032116,39.8701837246,48.2466155185,34.3420888492,62.4175864859,87.8029794158,42.1138055423,89.029138759,34.0871603617,41.6583764314,37.3394901506,15.8602504824,80.3700654716,48.3464850462,39.2889176324,53.3456704597,14.3510455443,39.5368802083,100.0,42.7510303029,65.4307165581,72.0344916676,44.89467182,87.9714445386,86.1637775926,52.161898164,47.4841634843,50.4365201387
AveriaLibre-LightItalic,48.1356861432,53.7544214722,30.9815119832,56.2410726859,76.6165763852,79.3440874256,38.4731494142,38.0065277514,39.9603504572,59.5562178887,44.7604209304,80.3281726526,87.3147050255,64.4452568643,69.6412829983,50.3122864428,53.4158350706,50.7872224376,60.0469351175,56.3603700314,44.2953096603,50.8156375927,79.449167628,64.2738834536,32.2323981366,42.8974362194,32.3246146207,44.4746871255,64.9110826365,83.4339446449,87.1730259466
AveriaSansLibre-Italic,28.9950719881,55.5078398803,31.9582828592,61.8022246561,83.4858165161,56.0077801,55.6854595153,41.1466727791,36.8324595729,52.4894855233,38.7617645722,76.7846866661,85.1898127312,50.4381815868,57.0031294253,52.9530076911,71.8552519373,58.2673097467,60.5546494228,58.5880355924,45.9586259848,30.1636085958,91.7898139914,67.2092334322,48.9423820495,41.0560236405,23.6976531349,51.8749808559,57.2467808908,78.4483473995,77.4368073262
AveriaSerifLibre-Italic,66.2199721043,56.9520597306,35.4854530543,75.3077994224,89.2415316755,66.1049997147,45.5134216222,41.2532020763,54.4954443064,65.0478603077,39.1506093703,81.7832876033,94.0509287038,54.0585061196,80.4217951932,61.4723293964,74.5896126156,67.6067186254,73.6362762525,68.053259911,47.2431489486,32.5577322009,100.0,59.3081720807,28.5720476885,33.1793129946,20.5577820802,62.6779241147,56.6349992325,93.8353858552,83.914765723
BadScript-Regular,62.3266128187,95.3113994186,61.1869204352,79.4461049921,88.0361553904,89.0002763945,18.0968744859,49.8369486588,68.5471969619,64.6895781736,57.8163761562,74.7726347881,89.9857352942,64.4037744661,47.1808676816,88.8962165485,62.2749458077,63.7642773027,68.9612481309,38.3092581952,44.0301073642,56.8396477218,78.0587348631,64.8090997495,15.3287302459,43.0458956662,46.8816793841,87.7441502555,73.2221906435,70.0590260299,80.5373227908
Bello-Pro,70.5710315148,72.2654839308,79.2928387699,36.4152790492,69.4458717281,59.3089599974,52.1868177078,56.4307217382,99.589314196,53.0672050157,74.1629902298,41.2261224481,71.195399269,51.4881075408,23.7719945252,77.3053577328,81.6299820701,59.7697710946,65.9553534596,37.9760824531,39.6720688894,87.0138558588,51.4431148121,46.0993674724,59.4178805209,73.923803016,60.7477761048,74.8157408897,33.3222100142,63.8034518457,40.4650071737
BenchNine-Regular,9.143675511,30.0681154691,19.533525869,67.9622642835,53.6768672108,49.8002452901,41.82055009,25.8498863694,31.3493007645,26.7072570841,40.4837081164,84.7853437664,62.1364566416,41.3545494629,50.430400161,39.3079790991,35.8071104933,52.4709532445,56.0762774537,69.4458507967,30.7895284906,33.5847177846,84.4726831175,30.0851898129,82.9845800442,27.1171450931,40.897975285,26.4998593073,59.4803384438,68.4399656254,65.7847071788
Bentham-Regular,38.4900574374,34.6172714978,22.2965767429,70.1458474424,56.0782613311,31.1641646552,40.0246201574,32.1431574162,29.1387154394,34.1944498992,41.3839862666,76.1479871167,77.7381431232,39.4235518736,82.1895803287,28.5567446985,56.3868894388,52.5771604356,49.3572527756,98.1774735925,44.9824866183,10.9291815358,96.6007227004,47.3711354326,29.9796023012,29.0179252287,32.4801005063,38.8358499554,60.6000219989,83.1769131765,77.1418317888
Bevan,29.7142722264,25.0056676946,56.2454847527,41.0920715457,51.8497744341,42.1809516629,94.7695504765,63.5038538053,47.7898287496,57.367866091,45.3571427859,49.5597055792,59.4785490042,38.0937927505,59.2360093594,28.1895462386,68.4738662991,22.4819010004,42.3849645211,49.6310758151,56.9610344707,34.2082765822,62.0490547082,48.6533603016,66.6312097021,51.7800088175,40.2673262409,53.2803741116,38.0098711997,72.9635190028,33.1154302357
BilboSwashCaps-Regular,83.9902739752,66.0468998999,56.3194394048,70.2905842285,68.6706814227,97.4089823857,25.9266310428,38.8598851798,96.3908361075,68.9407713198,83.0813355967,59.8041626936,75.9203697482,62.8918867577,27.7462091204,74.0246036692,51.4879320677,68.4584208755,72.100215267,42.9921159348,30.8928625457,52.0218544438,76.4750886741,87.5218904599,23.9179513259,62.0146537425,52.9911143116,79.9570578155,70.0926058131,71.210292675,70.4945753933
BlackOpsOne-Regular,76.1822545782,63.1345343402,51.0849037798,54.6462479387,59.4901538965,22.0425681832,72.7297368387,78.6703340283,52.8440410774,68.6171026089,70.2784773347,45.0045459791,52.122504735,38.801460884,32.3777569767,38.8559253511,90.1989342735,27.4750704562,56.6936802806,16.0036169793,60.3333033233,70.5275134841,65.2469526732,78.1414541552,68.009836353,71.0807927879,56.4571573238,64.9495270715,3.71976803852,72.1301649918,24.8300725164
BowlbyOneSC-Regular,4.08056942113,21.7587012286,46.0880737049,57.4232366309,42.9411064225,22.2282603192,100.0,83.2784539638,20.2887762438,43.4636295757,49.9358801748,39.6801999725,35.8360994429,39.042769415,51.3107040062,22.1130173973,64.6925589622,0.0,53.9983553793,49.4397107741,66.8538258777,31.8536942275,54.9114474362,80.9987667373,68.7235657386,61.7467047776,58.7959710955,51.693572529,25.8146141058,56.6978298397,2.28567832789
Brevia-Regular,33.2403898657,52.8202420606,28.6422073149,59.1179466639,57.2548758884,49.7012128729,41.010522716,21.3947824579,33.2588530129,18.8678336364,39.9441089487,72.1677925444,72.3283795267,43.1780762759,37.897770653,33.736507013,36.494272424,44.8143791513,47.9144249045,39.9990178287,51.9286599061,52.5455160448,66.0498351346,39.7141867151,45.3513954145,16.7707074182,51.6588336791,27.5296523523,59.4943876005,77.1517896244,67.6197132838
BubblerOne,55.6021982281,53.2261694334,58.9645661992,55.1074531097,53.1821353865,48.1663083499,25.3530465899,18.613715773,62.2335944837,28.8796260133,51.5174276552,83.6750246635,70.1998341099,46.8530135596,46.6881485576,47.6191514288,57.0467260087,45.980812098,47.9677038749,51.2621452317,39.1360148087,53.2455786023,82.3147908331,42.6683000879,70.6054333721,27.8912113873,55.6507950247,48.9427370214,80.5548027939,70.5537092991,90.5163972443
Buenard-Bold,42.5306489883,44.4264861356,2.20107394234,80.3745778714,74.1548886468,15.5993914348,65.5926090905,70.3147128836,34.514142284,70.1404576662,37.9631528164,60.7092167349,62.0777333091,48.8692515129,77.0220179321,34.4774118301,75.1149241054,42.0674835343,60.3333920485,84.3275576551,46.556368778,18.5227514837,92.0202534066,45.0122647901,11.7775238938,51.0123368881,12.1712444913,26.9088843381,45.3567697258,95.3230620629,56.8638501109
Cabin-SemiBoldItalic,53.6548734858,43.2424383575,15.2580611041,59.8064981181,76.0824502604,69.4761821076,58.9520001578,59.1128376556,33.0135747009,59.1432670065,34.9332596692,71.9667815145,74.8846861576,46.3737168956,85.4993095909,55.4672525467,58.4058885895,50.7062968246,66.3700577689,72.7307269717,44.449864446,30.0070214975,81.1959697974,40.5569600403,31.0907691918,39.8512489614,27.8239872268,49.3611458983,46.2790706636,93.6614627882,67.6404838388
CabinCondensed,15.2015607953,24.0729979706,32.4359801026,72.7557368062,58.0412277481,15.2064510925,50.4858466807,39.9644003871,6.27450116687,40.6872156423,30.9456400179,75.216011196,82.1888398585,41.029688397,66.829881967,21.76851247,65.9287322119,45.5293247395,62.8258724433,73.0029986585,41.4402849774,36.2167656346,89.8866887633,31.3853954554,67.7243387971,18.588214423,32.6407355692,23.592612457,53.9139062164,73.7198561138,65.1733025506
CabinCondensed-Medium,20.942907688,19.6451354385,27.6939714266,52.6700095809,72.1422460289,12.3241360873,61.84799392,48.3034658078,24.5810165225,47.2281304433,25.9221157226,72.0411081954,74.6591628258,48.3858515634,78.5516930791,0.0,55.1691856089,49.1057811508,58.4736485547,74.8292201281,44.6041268273,22.1715546618,81.1296042527,24.3659811406,59.7882161118,22.7870289639,14.899445651,10.8479049565,50.7677968835,89.8772523345,61.8978865993
Calluna-Regular,30.4930775484,23.8749604255,22.4314573884,86.9607480211,60.2842620765,47.6382036678,40.2128782583,23.8771745053,26.0391950668,44.1322539245,32.4674262774,79.1879900951,82.2721950766,28.7251243322,78.350487458,22.8174873979,36.6478239974,52.0017578845,55.7335757634,89.5083660754,44.2160863164,24.2437965715,72.5794692672,27.8066115761,51.0051586466,26.894577815,19.9164669485,18.9609082899,55.3583403197,94.19322085,69.0189356234
Cantarell-BoldOblique,58.9435581411,55.0536163047,34.3744829706,65.1486797083,67.0088738831,87.7584836227,63.0575149437,70.8030610226,50.5915811618,61.7340591156,65.5171010576,60.9236417776,71.4197629303,65.5297660012,62.5799926878,72.552340136,74.9274569651,51.9813142911,63.5270857902,40.3242317934,54.4425604851,50.7060819028,78.4034551033,46.3264950617,31.837063271,57.0349709097,41.5606946576,69.1440176224,44.0673338271,79.9407069676,55.454362393
CantoraOne-Regular,49.1405592819,34.9879380731,20.82645039,58.6688883566,74.4126648564,28.0823488017,67.3876396045,45.864704372,45.3419293144,58.5993520203,42.9858688033,71.6707252116,78.292322901,53.6918761189,70.775885428,29.1097372537,73.560268947,34.0247245075,68.1664849632,74.7133616194,46.34377993,34.1090764099,73.8877455511,42.9371298734,45.3386012698,63.5201592973,39.7091286332,49.2713708173,41.8222741078,76.6867248598,55.8810042006
Cardo-Italic,65.9159331024,60.3105019805,37.438792015,98.770026493,79.2347280219,91.5128473052,38.8030584684,57.2414918564,81.6581999014,67.4005720627,49.4934904172,73.9312987277,79.807923984,75.8148135188,77.8814175753,56.6032535991,67.7232674826,80.7936784836,74.7023978505,48.8379464629,42.1630774054,43.1940137901,90.8191524876,71.658746123,36.3948932979,45.6592273354,33.2468362473,59.9262419231,73.3804985095,76.8505662877,74.5138184266
CenturyGothic,28.0357942738,28.9968978647,22.7351286217,82.822804804,32.8887926933,32.5003350201,37.2465405732,30.7643520469,13.6075742074,34.0151997954,27.3571858371,85.0550569266,65.4678107031,34.4445963815,70.0368228984,17.6600468661,61.4372970749,25.4121664543,25.8844265669,58.2885663928,51.0121777814,18.7209109023,78.5185400698,18.21813456,53.2756260993,20.6994967426,30.314516901,27.8939003266,60.6722635459,83.8148957185,84.4685447664
Chivo-Italic,46.5443238353,48.7749277543,33.7324304161,68.0574615438,67.0300842281,53.955410813,51.7802927987,42.1675828463,34.5396707468,38.0410404536,47.034368478,73.456206562,93.6931066893,70.1776261923,76.6731991535,52.65890547,69.3757026948,61.8214767432,55.9584397324,72.9268114589,50.9336592655,30.5369774536,87.5842542656,24.2183754081,44.6178614777,56.6113732973,23.5545321691,34.9090563065,51.2135721435,83.8168157127,57.1133101971
ClickerScript-Regular,59.4107489817,68.5461491907,66.0704518021,53.5331156199,66.2384184016,67.4296988301,10.5404559939,51.1730303273,68.5243693171,34.8529728379,91.2902152009,67.2438430263,70.3349900186,57.7345856896,25.477305166,71.9412929662,44.2729855744,70.0157015223,64.5717301283,35.3673711974,33.4621680155,81.1431572371,76.1244130019,55.3077979207,42.3572365115,52.3128349013,73.9980279235,79.7752488017,77.3554387237,67.3543556661,76.5082866548
CrimsonText-BoldItalic,72.2071453667,61.3616238086,48.5063349014,79.6138027401,94.502476029,69.7690192356,57.8005014888,76.1968400417,82.6911618019,76.6171181415,67.7099827216,70.6016145425,79.5343949885,78.0948415328,55.5260813021,61.9207684621,91.0856221054,49.1592956934,91.6553066172,63.9283956351,41.2764920887,37.0116579785,82.0815471589,73.6566594843,0.0,76.8712113,21.3167375592,69.1078387207,48.0090005614,90.8169997551,54.7855646511
CrimsonText-Semibold,46.2885047918,28.2708010479,21.6529595217,76.2332860442,69.7843145567,23.9392667942,57.2015209429,48.926262546,27.2308264541,58.5850351645,18.7179781733,74.559750958,85.692058433,65.5475428884,71.0834097546,31.3751286556,57.5196410144,54.9912329471,65.8197425026,80.6772577626,46.0098137854,0.0,89.0706385069,55.1313213774,53.8196832038,44.1049001067,0.668182564627,33.5953648458,50.1366025682,80.239175465,75.5336672378
Damion,71.2419552915,75.1710356613,67.8728138403,64.357397869,79.4564672119,71.4146252749,44.2874086786,69.3929216404,86.7156541831,67.4118078892,84.8999488786,58.1184302367,85.0090470656,52.251467528,34.4892617053,92.9309244901,72.3061149452,63.5257020809,83.0076535882,48.9002773607,36.2458316357,46.4059804149,73.2703611673,74.4368445755,41.0133360829,86.4674188511,39.7915863844,76.4024612699,54.4302296174,73.462930702,72.3077097614
Dosis-Light,33.866897479,16.3843175279,37.8717432357,63.88140562,55.4313962856,37.3512114923,32.2797230311,21.6380474048,14.225395328,25.2319535548,23.6600147723,89.3221093978,60.3625720823,34.7158566476,66.9174719185,30.0382460849,24.9780914193,51.4709125474,54.8372931615,69.1650702864,41.3398645658,23.5817498854,86.5934001754,30.7345055987,64.8602491293,20.1948002895,34.3004526439,17.4948549334,73.3495488754,74.372967264,91.8481834876
EagleLake-Regular,68.7867829376,62.2006841395,54.8359376169,46.4946276505,76.1028968755,78.2879256608,56.4436164914,68.4244398465,91.7544909946,73.8665627937,78.222083079,59.3554598005,87.4040160971,67.4688902297,59.966634825,75.8290793873,90.8000093841,46.9918825094,78.9600892428,33.6701333007,60.8553849234,56.5670981765,85.9019870437,67.0411961742,30.6761966468,78.668160512,46.1940792828,68.5075652205,46.5282165423,72.442170823,62.0070902917
Economica-Italic,68.3832761456,39.2572238609,43.5203371495,58.627832177,46.6493809969,75.4237535063,36.0476270758,34.9051643506,52.5881387496,27.783373017,54.8971587867,71.1500799633,57.5248111824,28.02424847,48.8957827407,69.247976708,16.665134047,50.7597062316,60.9866985051,43.1277800095,33.9064159624,34.1244272102,72.5454230834,43.2344863247,52.2708529879,19.6815668756,50.3898794731,47.5220186123,68.184559738,68.0752369696,79.1330763112
EmblemaOne-Regular,68.8558747526,71.5652069592,76.9212807544,56.0182838824,67.4525266342,50.5446939503,78.7638368546,74.8969950581,66.969584642,52.2289490339,75.9669565286,37.7634910379,58.8897249717,36.6205318989,42.3698515524,63.2559257694,90.1486156372,35.4313417229,59.0721201457,35.0359392696,60.1880260489,62.1847075506,67.0953855089,60.6546451241,62.4038805207,72.4674915281,55.5843192335,70.7402939647,30.7090581806,74.0615399547,24.7800331951
Enriqueta-Regular,33.8275181545,26.0006259809,8.59732313175,86.3369884418,76.2263710775,27.7829014354,48.2299185863,44.8058694338,12.7949168978,58.7141198018,30.5370144543,80.3105152854,95.325554702,51.1997595773,77.849005721,5.61650969615,62.1035057901,43.0566003324,61.8514626626,100.0,50.2851724198,17.7255274178,84.5070414551,43.7245206898,27.1110099814,18.4169819114,0.0,20.1644396649,55.9235362867,90.796132639,62.5432754838
FanwoodText-Italic,51.3003706798,68.8608832994,28.2269598185,71.7895266124,72.9198835657,49.3741258841,46.4063864416,43.5776343058,47.9587326054,66.2899781677,52.5201630979,78.784848651,100.0,74.8235986347,71.0845875617,60.8598574995,64.5845552725,70.8091528101,84.5056831829,68.5485993854,39.8835304653,34.110152802,84.2621025815,37.9193847805,10.3552391045,45.1661521476,17.7158703352,48.6948064555,62.0043440896,79.7269749003,82.0102350494
Fenix,23.2239131376,29.3716061664,8.95865929536,86.1998780987,65.8773874723,32.1024264392,45.7138355507,33.9207930952,27.0811323904,52.7288248786,16.7830010979,81.8890184648,74.7028283911,45.899397316,67.4887454842,28.4810809641,64.2244579167,51.8363694648,51.8183078265,88.2053471907,44.680705008,12.4487672348,88.4268130474,45.8654016945,26.9093513636,18.3135576043,15.0353755046,25.9735208797,55.1661632143,96.7713469414,72.719722662
FingerPaint,52.170300122,100.0,99.1662421727,17.5993537502,45.4531626937,45.9061641704,48.8061538476,53.264661859,69.6566050988,42.7555092876,90.9745163078,32.5299559264,60.111361334,47.5061782734,5.10522408659,80.7068807307,64.9928134578,41.5481711805,46.2677454055,23.8901725323,57.4216628652,92.4322703869,48.7062409547,31.0107076344,73.4746537529,51.1999410815,95.1278530971,83.9847770128,47.2432903343,61.7836797249,42.247693428
FrancoisOne-Regular,23.160914198,30.2852430305,40.1782913256,58.6159610454,57.2500154395,15.0540113028,83.9060993787,59.7960074921,9.0685850665,39.6024673186,41.1461073862,58.7079049645,54.4759295727,63.1086376244,73.9838533566,6.25933239524,63.0245326929,33.9631013282,49.9185256539,70.6462932984,44.6784478706,22.9697190977,79.4381088846,51.5047117315,45.6824846558,50.106922089,32.9355329288,20.5606967141,37.5765157208,84.0538952672,31.8141297252
FredokaOne-Regular,41.4742736916,42.6358882628,44.1651431116,45.9147007901,58.599899078,1.38818878537,86.8354308044,64.0525791707,37.974482865,60.2671263678,62.9162547838,53.2987157656,69.2263927148,49.1222886407,54.0311495731,29.4658600083,70.0964663741,26.0253969581,56.0025294708,41.3351294143,57.1975217507,35.0171623704,67.587762672,32.5415226809,66.401724735,44.1333145177,46.8007968631,52.5711119466,4.08265075934,83.7078445728,38.5998511066
Frijole,54.2760348116,61.5911751067,80.19103913,11.3430741558,8.67767815583,29.6129753729,87.9729814936,72.2448957127,71.0528298343,71.7174772737,90.159041227,15.8300726689,44.5059962843,28.5946148474,25.8877558656,59.6732508581,94.3790940558,19.4499244382,36.1618090631,0.0,100.0,84.7493727578,40.5530859724,67.0558852882,55.2661235428,63.0631577983,89.4388262878,77.9640640398,4.85230494804,41.227211958,0.0
Futura-Medium,34.5106477108,32.2715151762,21.5212675253,56.4955328774,69.8385994899,44.0312747058,72.6222810694,43.7344604763,36.6693068004,45.9316108745,16.7709263496,63.2879751901,67.3951984932,54.8249758063,83.8544820758,1.52695515273,58.8998061604,29.4217832377,49.6009815368,71.2300126412,49.2459240928,24.8478884467,82.8348892766,22.0870469491,62.4550151661,53.3194646457,38.7895048747,29.1748959967,45.3129161243,96.3741362278,55.2234584666
GEInspira,30.5926919922,27.3578917123,15.9862882484,62.6267643596,72.2903743117,30.253029358,38.5851658047,24.6216755668,18.7565070245,35.6904332077,23.7637386755,79.9535556625,78.5155203252,43.0287206033,63.1444462481,28.1126456698,63.6622457399,29.9561722474,52.4940577801,73.2347008753,43.9766651741,27.8500633593,82.5362734732,16.4006005872,65.2236609339,2.9726778195,44.3578629481,32.8168773115,66.7176023303,84.3394741126,72.9287254221
GFSDidot-Regular,11.4110992033,18.5619483008,20.7879275496,90.7008155302,64.0198106339,17.0807165358,48.0165282608,23.9107814641,28.9173308064,38.8449992478,25.5350341628,74.1134186284,84.6617577888,51.3385102081,64.848517002,31.9931865055,51.2892400345,62.5567468624,63.2754779342,89.7277582266,46.6902512413,15.672528472,90.4421939748,41.5580449144,46.823812366,8.71587251115,20.8708705018,24.7910552057,59.4139367186,82.9822232502,83.9418493831
GFSNeohellenic-Italic,48.1444390764,54.4119518767,41.1683015963,71.490174969,78.3345326781,80.0718026242,36.7301592055,37.0492182407,51.1119797153,58.3652820433,34.961891597,88.6758919788,85.8768332035,62.3409712147,74.3609596198,58.9025836455,32.8564804923,60.6132035844,60.6933752084,51.5345920658,40.6161735351,45.8569072856,92.1440047253,34.3774389811,36.255126931,26.5465936247,32.5665987052,37.7297697293,92.5716433464,69.547959675,79.6028183958
GentiumBasic,26.5919439289,18.6408044899,16.2195310069,67.0540443299,51.3847493836,50.7976370424,40.6995577768,26.8936448645,33.2668462946,41.5044263785,29.5812915366,79.0846168845,86.8377546245,51.308670897,69.6893025401,38.9154000997,61.0702516901,47.7799004335,49.4470833478,96.0800204957,42.943076613,17.0651346798,91.9845129984,26.9983823034,52.0741840611,26.8005639898,22.7669701689,18.4243584619,66.646618873,89.0169870675,74.0998957278
GentiumBasic-Bold,34.8783288367,32.488518135,33.4542003775,78.4116787092,77.1293176652,47.5627388815,60.5370248184,49.4765356753,32.1713821167,54.9265631291,38.7360954528,60.6332204334,85.8222988223,43.7132935379,91.7819817224,28.8300622612,64.4754868115,55.5175856821,74.7126881518,70.3960150792,47.0761537552,25.1467478027,92.1026690226,50.8864618555,31.7599098527,49.5859965262,31.9497750771,35.825053326,45.2431872857,82.1501579803,51.9205772688
GentiumBasic-BoldItalic,77.9340646379,63.7223240176,36.7457554552,69.0815594376,84.4130591619,65.2242697175,49.3222846254,64.2255719484,76.4992155112,86.4307559672,60.5371013383,69.9911324731,74.0285213377,86.3580243062,81.8323746281,53.3508056313,99.5310894971,66.1661147321,83.038774354,75.5826686502,43.4439049947,28.8899591669,86.6793028,75.2603167941,23.1420387795,73.2298992707,25.8409906575,57.2068310647,48.3997277017,88.0391995257,79.9866878533
GillSansStd,36.4400343646,30.6368373924,3.28931836774,81.4724098331,46.4155006594,28.0232252555,57.3456725484,39.1791016171,16.7037736424,44.3180276694,15.1621144062,85.3872143781,72.5643638037,38.9243042108,82.3384042475,19.6621405376,51.0987690238,43.1413181522,53.0897952902,81.1424574315,45.1071492931,15.4018093743,98.1471384395,26.806333399,32.0882556076,42.4239205558,2.76567382729,19.1182804238,56.9548219503,78.2783851887,64.2683250083
GillSansStd-Bold,34.580358716,25.1463933972,36.7159402572,49.4496843837,64.0046332896,12.5146351627,71.946190195,71.1344414693,25.394886392,49.9388567964,40.1188172151,67.3339730306,73.7532344833,32.9162302727,79.8611468167,22.0871637042,75.7513646198,30.6580177498,61.9974903887,66.7913167992,49.9250007597,18.7346777277,81.287149334,41.7585566899,41.5704853042,39.9077418894,38.5614384143,41.7855988019,40.7619620011,81.3595370822,51.50062161
GillSansStd-BoldItalic,51.4965307914,50.8190070733,35.5918475242,51.5085367371,65.7029029836,50.8455509421,69.1546614179,58.2463223456,41.3269034253,70.2696004297,42.5266253163,60.5822290853,67.2243599985,45.0216269441,62.2567595529,60.3061695167,83.52521798,45.6780569611,69.9609997622,45.6669226305,50.547260552,31.540336649,81.2164517309,44.7583224483,30.6056659591,33.3707452707,32.818848356,53.0622377073,40.5214351419,86.7902799543,42.3383874098
GoudyBookletter1911,35.7905849684,29.9939552234,13.2868316357,63.6069685877,76.4955816087,55.4263150189,42.321653034,40.9691482105,25.4459809039,51.4763135935,36.5132639541,89.5713643677,79.0257895912,40.1970188465,65.407992585,38.9294794407,56.1379410585,61.7118787718,68.2237967958,67.9131747362,44.6361772624,23.5167207731,88.080638218,33.0674988669,42.1127378346,32.5344018178,9.85039928781,33.0413007801,57.6967743891,90.229150618,78.759243233
GreatVibes-Regular,73.7343353913,87.3897798149,51.1073328822,60.9911215749,86.7841233491,89.2565912859,31.4646255377,58.4947906402,100.0,58.1484906579,86.1420970579,64.8070245391,71.5502864424,70.3774999729,44.9984491815,81.772559983,60.2662529273,100.0,79.8441356025,49.4051214998,31.2972131719,49.6964194846,88.8076717006,74.4847079415,21.1856347516,65.4906245662,33.4366769048,88.0567074421,70.6696063592,66.8141727465,86.3173654592
HeadlandOne-Regular,47.3908644301,43.4284850118,25.2633140566,54.7210152035,66.2766766341,44.9000392644,65.7614356185,58.5760550986,37.4556882955,43.8147748682,37.1455968881,81.3344811445,72.7146604278,39.938414997,89.437915619,25.9626312915,78.3511092591,51.0809409012,55.1260602674,63.0239985047,53.3379991721,18.4323185302,90.839972156,67.316093863,36.2549264631,31.3367455164,23.5864446128,35.0078923447,49.152639065,100.0,54.1676285989
HoeflerText-Regular,51.8316023294,38.4084038025,29.3827979787,85.4843367677,79.2225363449,29.191584603,48.2481459782,42.9428432897,32.0323832693,38.6203261491,35.4299009739,74.3029473539,78.7343969444,50.8132585801,77.5341884567,32.6933574265,69.4509547732,32.9859323486,63.9620846941,88.5972641308,44.3037154428,16.8927590613,88.1059742973,36.0888628293,33.2454369503,38.7116141997,12.680993379,39.882685141,59.1586554225,79.3753891107,63.2715798361
IM_FELL_English_Roman,42.7250337205,35.4517560209,19.2006109398,85.480339547,75.6212577086,49.7684511911,56.9983750608,38.3334050424,36.6858784342,59.0999274516,43.0648779802,63.2252797422,71.7918012558,38.9763454961,74.3838448166,36.4105633231,45.9380180136,53.1318286072,71.4973878907,66.7341429016,44.8596799828,19.3066032926,87.5763617678,31.8938682034,41.6323569118,34.1185628307,29.7953491289,34.4305533733,53.8449487312,80.2108696426,61.0371720832
IM_FELL_French_Canon_Roman,36.8428060315,30.9200478478,28.57586031,82.597839639,73.8194972826,46.0495954812,40.515304711,38.7394568125,32.1007888432,45.539386626,32.9925704857,80.7656088638,88.6842000195,48.253951901,67.4491885207,17.0439553221,56.9919183733,44.8917172541,63.4867724304,77.8525652682,50.1703513866,34.1887336277,74.9084818275,30.354875425,39.2058052963,12.0995557063,33.3671571961,30.2925013267,60.7232592738,79.2223737432,79.2538918079
Iceland-Regular,52.4603885265,60.9223238,33.6851411705,76.3424779638,49.1021775054,68.0750032655,30.0130291964,35.1230914717,57.0405133415,36.1645339539,53.4457452238,65.4235152028,65.7209901926,34.0236215542,45.6299377983,31.3860480159,33.0849223989,45.6262482968,48.2889233695,36.0360967329,44.4455952262,34.2002334512,83.7367620119,61.1208352155,46.2349100902,52.9673464012,55.4217383812,48.4503852713,65.1646247857,73.503253184,73.67172103
Inconsolata-Regular,15.0962093526,34.2029798757,10.0636001722,70.9615707722,48.1370417723,35.3252209957,28.3363031486,19.7147224781,17.5873310286,36.2676931585,35.094842485,84.0253942005,64.0380566925,28.7617273394,61.741216444,33.6235212834,10.1901594169,40.0417674792,44.2959855867,53.6364919895,48.9257027947,36.3621886569,78.3317563338,29.8050186895,71.2338790503,0.0,53.9750916995,23.4415748473,63.8596463508,71.3432444113,79.200557693
IstokWeb-Bold,37.8947401207,31.6381894499,14.5611098945,42.9594045631,62.9562209765,9.72904237169,75.1092152485,57.4779870063,16.5382735034,34.8647228536,23.1015045168,63.3554352454,84.1872511778,40.9553099958,89.7848353046,11.2318906965,80.680093014,35.8334974797,56.2095227013,71.1077713328,53.412192568,23.6031158516,79.0836458069,33.9008791253,50.8914155799,21.1304383268,30.056528827,28.979421008,41.1737928063,79.0171573432,49.6683762928
JosefinSans-SemiBoldItalic,29.3724296688,50.7968792727,34.7467623051,88.0402124996,53.645988488,79.0199492707,27.5083972647,28.0860464501,43.5613862169,37.1547976623,31.5582107717,74.4721864624,77.3146777931,36.8325903281,45.7988937291,38.9242497009,56.4722189082,58.0117930585,59.8715938136,45.7729694877,43.9093519132,47.6317878156,91.1529541761,37.5278010624,49.7772053246,13.7862799357,20.1703055581,37.3217094364,64.6900061556,84.5392504202,81.2309470077
Julee-Regular,59.8740276067,88.5952825214,79.1959436099,63.6770939875,59.0542294052,86.9650800424,21.9078207294,59.5438731711,94.7357662122,39.0408167073,73.5664833411,57.9863478724,73.8408751879,61.9658623224,48.6747608335,88.4022115908,55.5607107264,55.3558519898,66.736265929,10.6720287462,39.3112292658,72.0024630058,62.0240281715,71.630694349,33.3953382316,55.4962580875,59.7795981057,75.5100710781,59.7436760888,67.2613113954,72.2582334397
Jura-Light,31.1928630511,28.2621801439,39.0605900064,68.1755327299,56.8470463748,35.6536010621,20.3158650332,28.664481186,45.5507532817,0.394694008105,40.7271965141,77.4757964207,47.9244381021,31.4434370665,58.9524782712,33.2464355021,25.1811051656,50.6228460425,53.2876950759,49.2640795233,44.8376828,42.7148528348,69.7807715628,63.3053017909,44.8957895766,36.3493379833,57.1873823196,41.0549408416,72.6632400482,67.6355728464,77.7440579734
JustAnotherHand-Regular,40.8067758367,67.3953766825,100.0,4.95819919662,43.7352579827,40.6191929313,19.4994398201,29.0963552883,66.8142021312,25.0894370777,84.8367624245,52.697072166,63.1951319863,31.8983274723,10.1969826758,74.0590586863,37.7048825117,54.1372443395,42.5875243541,19.1862410546,29.9554289392,79.7170346961,56.4720311423,26.6703772167,86.9070756314,31.5147339482,100.0,41.9050375872,65.0825234999,42.5862859341,47.7654228012
KellySlab-Regular,70.6369559941,77.6061046671,62.4920106792,87.7974528055,74.8158390587,91.3241187022,49.4275414053,60.7111392147,78.6685076664,45.9245937548,75.812363618,57.7119777351,55.2190705884,45.7111558619,51.2298719074,48.7343117834,57.2337922241,56.4835423551,73.0225415413,42.6207569431,47.8409955689,44.5633910819,72.0801652575,100.0,36.2464803003,54.9679813515,46.8374435157,66.7352493821,57.0213353893,77.651709359,52.0489916588
Kenia-Regular,57.9857845496,51.5896350499,75.6591073157,28.1467557154,66.7659341227,54.4106587116,59.6672975951,51.0813719375,62.7826104672,49.1033425897,73.2461006535,53.348841362,50.3294522057,18.8336137745,4.71353949551,41.6961576258,64.1851712838,47.9489932116,61.6055132868,33.2133447846,41.8953087943,70.2786239544,44.9914776286,81.2496508606,69.7254701404,54.9432884345,64.2675015122,69.5859555814,36.2776744657,60.9050188488,34.770666949
Lato-BlackItalic,54.2810449949,43.2926497439,53.1054673012,62.8045087053,73.488996458,60.8510422761,64.7253256722,67.0286017507,48.6648006955,69.1604697233,45.5000810975,60.5632946913,66.8265669093,49.307417208,76.2847889693,40.6532483276,100.0,38.0378034633,70.2606767284,48.8761878046,50.4014668365,28.6856189225,75.5319435864,67.0202131492,32.451429001,52.7256506567,38.0679881625,51.3583667395,39.448137697,78.3850796861,35.4549715491
Lato-BoldItalic,41.5334859435,37.8760531593,47.6233699216,82.9072040008,77.8354909153,47.8594922945,67.2785062881,56.6345882744,52.984978275,68.9838085407,43.4672172421,64.9335838079,92.4480743072,51.3109446123,78.0175264105,52.3801412174,93.406900144,49.9988009179,62.173808038,60.8173266656,47.6292889596,29.5383324152,86.7929079023,42.1420999286,33.2149205026,48.4325466161,35.3472855961,44.6396531991,40.9263051794,96.7723072835,44.277605155
Lato-Italic,39.0824262229,40.5859032589,43.2146631356,70.9355490043,74.9684030689,41.9512060044,53.7328557707,44.8615011454,41.9196976077,59.8218898614,31.954761756,77.0491360087,78.0286006143,49.4553994268,69.9083748805,61.7163222449,70.2472069508,45.8225443437,73.7916419019,65.4517062146,44.3793168634,39.1646098233,86.6038163768,19.4153222204,38.9435946017,41.0928795362,35.0650693404,42.2684096483,54.2027660278,86.7848824926,82.2654337547
LeagueGothic,54.2083337357,36.5429697916,41.5844828177,47.8789937751,50.516545709,20.3520455972,54.0008094022,29.749792052,48.4977662987,27.3248376957,59.2837076689,63.7280434477,51.8295044176,18.3350104933,35.8375428657,36.6361807243,51.2090116905,38.4774965355,39.6245191383,49.1018438702,31.9224186293,45.5152797677,58.8888052105,49.3284100848,74.055708688,32.0067972727,59.6189435935,41.3687393903,49.3385500995,60.9447868808,49.387959266
Lekton-Italic,45.6129855747,36.2111155396,46.8257016607,75.4221101816,50.4463578809,77.5129819994,24.3025962351,21.525388486,48.1449666942,19.4168594275,31.7622741231,87.0042412047,59.6964785123,34.5433140139,51.1550784877,86.2772539398,34.2523275987,60.2515812529,45.4855424418,43.6147970803,42.2895576277,59.2795355604,82.1233513242,45.103793901,45.3313544903,13.325106278,52.9525282602,43.2986264069,75.2999200267,60.3602805288,68.5692747005
LifeSavers-Bold,47.3407869556,64.708624762,58.02250266,57.3404459743,61.0244399266,50.2585478524,34.3514611671,48.6613121304,59.2954776665,39.9995717763,65.9364180085,68.9938891138,72.455127207,61.0963164559,38.8603496259,45.102140266,68.9307676755,47.6439984955,67.2737327745,33.1281874105,50.8380896381,58.9011947512,76.1887176063,48.8867928612,45.7752963522,34.9714488792,50.398184837,44.4425048203,60.451448522,84.9606684606,67.1286530814
Lobster,68.711793024,70.608426534,60.4117075991,42.7109917874,89.6969296364,49.0978327769,58.7469966975,81.7166712148,90.727515429,83.6831456117,100.0,59.0818184253,77.2523414184,78.9319771573,42.2416272464,56.4434413438,84.4917938752,57.551983469,92.2390231421,53.602785715,44.2279272865,38.6107187795,79.1260111911,52.1377567972,20.4388385975,71.6258012624,27.0842073525,86.7971077271,34.3098629248,88.6141448581,59.0121646349
LobsterTwo-Italic,68.8409569045,85.4730978002,48.1370530124,62.4637746498,100.0,68.6833020848,55.6400510909,64.0607997438,87.738282245,72.8725825988,78.1791210826,60.6991915383,89.9158372701,82.7769938795,48.1636766164,64.1787596335,72.1563447296,65.5149786041,77.3742134122,54.1283743522,46.3801519211,57.3513674928,72.2041280143,58.5690570907,25.8956398101,85.6406158672,14.3645525617,73.8833136704,49.4918008157,91.2331555717,65.2286020499
Lora-BoldItalic,79.6063123857,77.0164552173,38.6157375432,49.3772620227,82.8074038656,41.2524913009,71.0672000771,71.0203254168,67.7549301577,83.3587508788,67.3478732681,67.0384684559,82.4050174684,85.5217340916,86.5379619277,52.3694513079,99.619669265,54.3591110379,83.8227803595,53.8664180563,51.7454965183,40.8775862425,79.7698876107,59.4078537847,19.5638717409,81.103425452,18.3934182047,80.756032191,44.226437807,99.8734564929,59.2849457979
LucidaSansStd,15.7547110625,34.3388590156,41.4423650593,84.9674976883,62.5562678696,34.4748726826,52.1428441657,39.5655715876,18.9263517921,39.9030980139,20.4925714704,78.3493106895,75.6633007843,43.3499743229,73.7358053937,35.8980506473,67.4468447607,29.6543734385,64.671824056,63.1030548615,53.1015234313,19.9006606645,86.035018988,15.2833205025,54.0920092986,21.3761391366,28.0709190936,19.2738416128,52.1069527385,74.1887482696,55.0416984655
Magra-Bold,24.5268818308,35.1783840573,37.2325602646,35.0085956166,66.033847404,19.7586046612,83.722231975,52.1688778757,25.7192105658,54.6820059536,33.1875478471,61.5651612479,59.2812343773,46.0432793881,66.4747298257,5.54807764198,78.0451359223,42.8883572856,54.1421803504,62.1754165537,47.8442596691,23.7553751794,74.3274257914,26.4332803835,44.9766812646,52.5080569598,41.8331289779,48.3792572686,33.4296184278,76.823560572,48.2753556541
MarckScript-Regular,69.6242948725,93.2237395568,61.2522099526,56.7853625615,79.8449790207,86.5876678499,23.9851863039,61.5720469658,77.149044763,70.6222980362,68.7495874919,66.8509191433,88.7001908943,90.3224009838,42.8809144339,83.3636316284,79.2768623164,65.5402627198,82.9304075501,50.8554678553,41.4456136915,58.7595651192,67.4935167042,41.4466222094,23.1924093739,61.3492093433,42.9458437223,80.3116419179,68.96712264,76.5506167972,92.4482226801
Marvel-Bold,43.190627148,30.8860855568,20.2554592701,64.191470096,55.9084852211,46.433004916,36.9795294478,35.1247610199,27.072549075,39.0769913142,28.7309561283,78.0374948947,85.6725630206,43.6806088638,43.6100393073,24.5187823592,33.9784412469,52.9148520956,51.7931294562,61.1004464113,0.0,20.6914249718,73.0346798453,3.64680389811,66.5985564751,22.6490302262,41.1534073653,18.571556382,69.3322285538,87.9016139292,79.6234581882
Marvel-BoldItalic,42.9778452452,54.1427529448,33.5732925493,78.4039809723,46.894317861,66.6951270809,36.0803222851,32.6793172197,44.3977038646,36.7976259964,52.3216159661,73.8614379775,71.6287147186,44.5175925503,74.1733227593,60.9244347154,48.1551005617,46.636558037,51.9049569704,64.431405794,39.7441136859,35.8611077485,76.430843027,5.51335652997,61.4465161129,11.9928915738,43.6412283201,37.4625297459,63.5319168045,74.3433046205,79.0980342507
MavenProBlack,43.2225663564,31.38153259,38.7033205094,53.7812737169,55.9424934306,30.6227619504,72.89726752,66.2999794722,34.3167100528,55.1623614932,53.3430432708,61.8258193433,62.0028286499,50.0376828684,64.1585349548,41.5275077574,56.1299117077,29.469251916,54.7344685804,48.1121210563,54.8750579666,39.8920125371,77.0563579904,27.0906143602,56.2185042373,59.777906656,33.6984812173,53.6619881045,47.2812351755,68.2845476642,48.578791711
Megrim,77.7347268686,68.6923985509,71.5049040734,38.2307413365,10.4905065808,69.7806242217,1.80146443096,35.5319927083,61.9761524594,0.0,69.7788642405,60.7839486969,31.1059736834,31.0250993224,1.76088134109,52.584011072,37.2277289006,53.3241109801,46.7299423788,28.4882015711,50.6121427166,81.4998057,54.8168115926,71.4551885793,70.9560931072,28.9902325047,96.1018081903,62.0554810181,82.0473274804,64.6485356789,59.5584855351
MergeOne-Regular,0.925318281567,50.0952321309,64.98550215,0.510150021604,10.0516596377,0.0,31.794537063,28.3784584787,17.2796371023,0.860206355064,52.4450217539,48.1966774951,0.0,4.06138810071,10.9567119702,26.9653370419,27.4503806657,5.42821075638,0.0,13.0912742273,46.9176561538,62.4873858875,37.4322025815,41.057068818,100.0,7.59665093651,65.188328315,35.9203638137,56.1924942286,48.7534455554,42.9005751323
Merriweather,37.2221144653,26.8184295814,28.3100368693,75.6825182378,60.8420105015,37.4954623481,63.2425018925,43.5676968117,23.6429855774,52.0974021119,41.0366643858,69.8336552382,76.9647124509,46.441066831,69.1300831211,17.0800319842,52.4923862311,44.1249025737,57.3650741922,77.8266991184,52.7741507558,16.5191524063,94.6108435502,56.0565783482,52.7225586061,39.0969585705,30.7808801738,29.6240728508,59.3035098012,75.626941739,64.9518570353
Merriweather-Bold,34.1255486299,38.8670496539,23.6064014169,65.5434696205,72.5832777487,50.5290091195,69.7936976225,55.0347876218,14.874789309,56.1595167921,37.5148836257,62.3332011346,67.1687341957,38.5739029369,90.3409378329,31.6008611809,83.2409699883,31.9800983657,62.7343003305,63.6331671576,57.0919918805,23.9665101094,80.7869642379,50.0256151219,36.6746863772,61.4810418816,33.0873951634,28.5766837604,41.5424953343,81.4030220728,34.1496125861
MervaleScript-Regular,67.6182623351,89.408589961,67.2798275304,80.3032866476,77.3142412818,87.5107132805,28.7962515475,54.9718584477,94.3882562947,71.8249781151,91.2941602039,59.090684737,65.5186480296,45.4122433765,41.0774327361,100.0,56.8676689956,65.1698408347,89.552373876,49.0945605057,35.5178104217,58.2944765216,76.2164882489,81.5391302593,32.0047310143,62.7525590683,43.7526885393,71.9384687975,60.8184888081,60.7379360588,67.4634884246
Milonga-Regular,62.9740530655,60.8713984078,20.3088111212,65.739348335,90.7014323933,31.0045970987,51.4167790074,66.2572547715,82.8082004195,66.0440032266,70.6447172257,70.6597215208,92.032762647,74.1603685494,83.1466912498,72.7457842971,68.7954782128,64.894338467,79.8829856236,55.2198873039,52.8980445818,44.4062416465,86.3100264026,63.1223077889,18.2237150659,50.4063875361,23.0575340146,69.9486775899,60.5165248227,93.9305590087,76.5747664114
ModernAntiqua-Regular,55.8852879473,58.2197767991,51.5748448201,67.0281384669,81.7861496556,47.5026624207,47.9553087529,45.9087643112,47.7385122591,55.3147797798,54.77687682,62.9707988999,61.9020043798,53.5103601744,60.0379504213,50.7203138881,71.3014425008,47.8070048406,74.8744663884,47.0610450421,52.9797815611,52.2012019777,84.0033709506,52.0421641632,39.1006536336,55.5142246962,34.8272746902,74.159781545,57.3166326977,83.1374332081,60.9557068366
Montez-Regular,67.789280862,61.5668568273,69.179669431,49.0910315212,64.6692468941,56.2659295702,0.0,46.7910330371,87.4500764455,61.5734486418,92.859790572,64.3953121484,69.2573978786,62.7072763395,0.721503101971,56.7913414825,40.50556855,69.3663253436,82.5290465208,31.1318292391,35.7927256337,71.5527744911,79.6625192609,63.8932796272,38.3207114473,50.0393474571,54.182962521,64.4754638983,71.1931739095,52.3921765164,100.0
Muli,18.4045970914,20.7158384035,13.8937284788,94.8538515092,66.4031313438,35.229858969,63.5075277661,19.7465955622,17.6194573809,35.0343801942,16.9968951746,83.2966930215,82.4586227875,38.4177881644,72.4698526795,16.2751176475,49.5399917418,48.006540298,45.4212290996,74.1059702376,50.277115854,20.3875074008,79.5977075723,4.9187099537,50.2631081685,17.3887802634,35.8283874741,6.70370401081,55.9167486358,82.8842053787,77.8226654771
Muli-Light,7.66013014069,0.0,22.2843694522,78.4882189072,57.7663330735,50.9146645741,23.4084948204,22.2188090206,19.1776383823,17.2054009669,18.2757964936,82.6073822748,67.0917008838,12.0734528907,70.2775005437,24.4939964703,26.902800755,47.3289831193,55.0054865175,73.7286945876,49.1155561445,21.3296561325,83.8129372978,0.0,61.7244821482,4.81278269472,24.998573598,25.9779366077,60.5488142691,83.8673917019,83.7986566914
NanumGothicCoding-Bold,31.6608391468,51.6151568479,51.3233562086,38.6823236842,55.8406345495,17.778420218,55.4737130986,47.8247641742,40.1866126775,44.531793123,42.2188192792,73.1444763249,63.1162840896,46.001278691,48.1477546322,20.8236434625,68.2278838608,41.7572601493,61.8689471576,60.7904359764,45.8789473298,43.0300427074,65.135136507,48.9381384879,59.3141603016,48.0291372905,37.9147589287,36.7177651885,38.9660161937,77.6500948067,51.7228652947
Neuton-Light,28.8815691613,30.6714125775,14.1430108304,76.646924349,64.8848172437,8.91732076968,37.5200837023,22.381572336,35.7925511071,31.4856562405,27.8363217652,80.1075133665,74.8274052641,32.4278806936,73.7577443482,36.1739172289,41.0278365407,57.1033085793,56.5816735486,80.5094438229,42.5696533838,16.0159077762,88.8685727101,10.7272225593,67.3175903681,23.5439074665,19.1018096753,12.0352707735,65.0293526316,74.8948108441,88.7805674448
Niconne-Regular,79.6998673925,81.3601464317,57.1117070994,70.283122221,93.7201962357,66.2695453834,38.2340643452,60.5841623275,75.3649050773,83.8111678846,74.1010162724,67.8692245451,98.1502172899,68.4162968551,50.4293593654,64.9310726039,69.2402248345,78.18034717,86.9065213426,47.8034864448,34.0182521061,45.7332444077,81.853085804,83.6891795101,28.7991046654,83.7436247828,37.0941240903,74.0638817675,64.3393291654,82.8688268841,79.4509885209
Nobile-Medium,34.6237211982,38.126199968,33.7119216068,73.6148475183,55.8859802995,18.8905197982,71.0241405909,51.5824326791,11.7990115748,44.2918092626,44.9747650149,61.6275413624,67.7389114142,44.1779201157,83.3374647085,25.7445101238,87.6276640172,42.8087445243,61.1681202442,78.8651209571,53.9599506842,29.5748391671,76.8766210461,30.7393824516,53.9550857488,27.7366259803,34.2895821404,40.2908483772,39.3401681923,86.8055363276,51.3919281667
Nobile-MediumItalic,39.2683216063,32.9700538807,30.4629882633,73.0396213935,74.7617673128,53.5134279432,51.1669461087,40.2957491823,29.9329163807,50.1884888138,31.4038394664,71.5889756549,83.8524408633,59.8438821169,73.3961713433,52.4402093585,64.8004682608,44.4838825976,52.6125307129,76.8063543269,48.4654524627,34.2003217734,83.7531673344,38.0249768662,56.8262318655,31.7101260827,27.6022647888,37.8518180535,50.3041380584,82.9821857753,73.1241001538
NovaRound,33.2173823187,64.9925146723,50.3438509378,49.3658876242,72.0598014415,43.1824863627,50.7040908731,52.2699260956,41.1684836785,40.7879041587,55.1235943842,71.3682150269,63.4106883612,65.7146942296,58.8911646787,41.5271045996,64.2418321266,45.4714025193,66.3984837025,54.5716727835,49.8098783818,56.7243870643,76.7263604763,51.6990870834,52.8589697677,42.825856666,43.7415286254,61.0680658125,53.9311475677,75.3612947522,74.5096872976
OFLGoudyStMTT,45.379577286,25.2907546809,14.3889869464,74.9588994234,50.1900413487,35.9966260632,40.1480978065,40.173484452,42.8076846707,47.3788131535,13.1443400205,100.0,91.968880303,48.9537425796,78.1095201782,13.5263912221,54.904680736,42.5403373445,56.1814260737,79.5770730217,49.1363049383,25.9981860216,79.1850048008,35.0840897758,54.3797269052,33.3138572424,12.2367594605,24.3193002763,63.0532828213,74.268247144,81.9333769129
OldStandardTT-Regular,32.7088930025,30.5978680877,6.44692126201,76.0472074072,67.5426961154,22.1569348813,33.4426103409,37.7362667303,44.3548299153,36.5498823141,30.7961783072,73.5011526101,64.1723372046,38.2258852585,73.0336260901,22.91713206,45.2085471662,70.9924062935,60.6527319818,75.8463633995,42.6718961188,31.2086786957,97.8921302417,32.4178781879,56.3787293669,33.1758300213,19.4991291084,30.447163367,60.9268185183,80.2445198063,77.6918628855
Oldenburg-Regular,53.2578138421,46.4158586957,27.7365770667,54.8013165141,69.803502404,52.1862309892,63.6670293999,51.9800029958,41.6412808631,60.276236851,46.4433976472,72.9508241393,76.7053032746,45.0662305024,78.7037344179,41.9631383397,69.2123295044,46.7357326344,61.7123650739,65.3197301598,54.1750321736,22.877455385,84.8805005443,68.8618329434,54.1716351736,43.5173556004,31.4403656625,34.2465196397,54.4793245844,91.8887934022,75.9547386406
OpenSans-CondensedLight,24.7268039048,37.741213056,35.7179157225,74.3507094631,58.6258997141,20.8869927393,33.1219080338,5.35746241908,19.1192853241,19.0425575153,24.2042020241,84.7936221886,78.8755779704,26.5825280438,60.398984647,43.8180410503,18.4298600765,50.3274297775,36.5710144369,70.9350821991,34.7504905603,24.2261198522,80.2211191456,37.5946204406,74.8652646873,5.68817675443,40.6960430823,21.5988802289,67.9402218531,59.9641219886,89.362937085
Oranienbaum-Regular,29.6611564564,28.781749111,25.1419563912,81.62213131,66.2182601376,38.7275692764,42.6034294468,21.3884461791,34.1188261844,27.5292552703,29.5054364607,75.7808238334,76.5243454361,52.9395157827,65.4340307687,19.2419909695,71.9461673065,52.7823984679,54.0300526648,82.3741847951,39.1794243997,20.2275068065,92.0992705723,32.8536016008,31.0150225301,38.5486097076,26.5290923704,33.4639106503,66.934582721,88.6952373501,66.4189047612
Orbitron-Black,46.5930950455,50.5917474496,63.9785913654,52.9803168471,42.9823716106,44.0081239577,83.1238889734,60.4419571596,51.9935179018,52.1815351169,72.5607000216,40.1417390906,41.3224264533,28.9391697627,44.8553168902,27.8938271003,68.8063857652,26.3674858656,46.2699611437,39.6056221194,57.6808654941,53.6565653685,68.8003343258,60.7332268258,59.0916696002,60.4927140675,71.8364323611,67.2284579155,28.3734975657,71.184649944,17.568283979
Orbitron-Medium,52.1708962039,58.3414835156,61.701448732,57.4226369832,52.4519729913,37.337598691,61.8793132672,64.2831293044,61.0035053988,53.2134275614,61.7568433116,48.1501927357,36.2127660006,19.5359791879,29.8604349616,28.8903152736,57.8613253096,35.9369039361,39.84550049,28.6147174485,59.3977782879,50.5661027357,53.6184247867,82.7438095042,68.4510213795,57.5350746659,71.6454802408,63.8844213189,41.9022038834,62.7222794609,33.8552658544
OriginalSurfer-Regular,63.4239703804,77.403870788,64.8057901909,47.6711696342,69.6188171203,45.7025634048,52.8223523905,64.805076742,80.6730162619,72.6990587744,54.6477730953,61.7969695873,73.2198977233,82.7301185103,61.9990138025,48.3310569548,91.9323015721,51.7365158129,69.5956447833,35.517606272,48.6539596011,60.1465126865,79.5927980185,58.5811436426,32.3611835788,63.3944772473,44.769216896,89.3784084031,48.388846798,90.162225843,75.6037380446
Oswald-Bold,27.3728479843,32.560564277,44.3053881665,38.2329128962,57.2712481026,22.5455049741,75.6244457681,60.3142583594,33.3583678983,36.8514543529,47.627448637,51.3456174929,45.6349370156,38.5126281928,50.0366038255,17.099052376,64.3054019448,37.487207458,43.461749805,57.2900921503,48.7412276949,31.2917830171,64.0405771602,54.4641510461,71.3181978096,51.4229946057,49.3645348541,32.9585807127,34.2283449498,60.9707403275,36.3766123295
Oswald-Regular,51.8518230127,18.2333318059,43.4405676355,77.6242021309,51.6268265677,48.0391753465,70.439833136,50.3572152131,16.96627332,53.7710796501,44.2234509562,62.435735296,62.2180099643,35.6785010622,64.9311022308,22.2657891639,72.4257957394,43.9579167187,50.303218346,62.1775248882,42.6788903808,26.8599583777,66.2186450993,62.1166035801,43.6916109097,55.7231268138,42.3268546057,16.7878661594,43.6238547538,81.0833901785,54.3748619804
Overlock-Italic,52.6202566976,49.9001995326,37.2028753163,59.7044820187,77.8796732496,32.6268036412,30.8201815183,44.2818591749,45.2510440788,50.3597164789,41.6116606049,81.4286427182,90.782630913,51.6745415621,71.2438345395,57.7644016883,64.601330517,56.756149173,74.2811224833,59.2569804846,42.2587318287,36.2500105151,79.9542832073,58.7049743439,19.1857481667,21.6580233617,31.1519642008,44.7853498102,60.9557413021,81.9851029787,95.5303265665
PTSans-Caption,19.8595340973,25.6440124038,21.3620444742,41.7015923979,61.8864134605,22.3521696375,49.5640563226,33.9583102579,20.2956071838,42.1568902839,15.0768516159,86.0343069981,65.4386278354,36.5410371296,82.2381011595,17.2967513871,75.2358164927,49.0627506687,62.8478898059,83.3354964095,55.352614917,26.1504420554,82.905373125,6.48032923007,38.9680451238,26.4740704933,26.668816025,24.3321156589,55.477637216,90.234436062,71.2655007565
PTSerif-BoldItalic,56.0927451686,60.0010081012,32.0557127599,100.0,96.0756606292,83.9796836733,62.895494313,61.6880170422,50.6965584435,74.0965134984,52.9922623833,67.8754332198,87.617655259,53.3223546084,77.6050783723,52.0646031873,83.7949574041,45.3355186305,75.2252188128,78.4240361893,51.9614526667,26.764772603,84.1273044859,57.3314751745,27.3314557265,61.7504809181,32.6049988341,64.7761025487,40.839734509,96.725271557,59.1595779962
Palatino-Roman,36.9606862926,28.3865140705,11.6182912296,83.8848794117,58.5459534905,51.8804571384,47.6450462603,32.5649930912,22.0721730055,37.8487077034,42.0383278432,70.0746101608,82.2723653475,24.0414256383,90.8043196288,18.2030792682,67.3850399493,43.9065377418,58.4727120122,76.8853332724,44.9929517346,19.4440871244,85.766918281,50.3184358954,37.7298036208,12.99881691,31.6853947795,26.7696947599,57.1073881542,82.7531454666,63.2362646058
Paprika-Regular,77.8706138368,79.433339704,45.4669937481,73.8306964569,75.4616562675,57.0560105111,54.855600294,78.014638698,68.5448269761,62.9301666665,47.3895840535,62.2724459145,86.7588283318,64.0649949721,63.2640770836,79.9576223265,84.2887708638,58.5350887883,81.2758659604,40.6112468717,52.8522993553,46.9824298961,81.8555806851,57.6626006815,36.31954533,57.0504000545,33.3964901131,69.6178738257,47.8479541173,88.1823219078,66.6822043539
Parisienne-Regular,90.8389052142,94.8044210685,53.1735454158,59.745124952,89.3781836574,78.1788379914,23.4087403841,55.4623996555,90.3791681322,67.5257831525,71.6405191382,58.6401715959,90.6418208871,70.6139334283,49.7873355271,67.1304504435,49.2400473598,65.6189205579,77.6844548342,53.6489703064,34.0196502143,70.7605666106,79.3715540229,31.5735185675,11.4698599938,60.9301676688,45.6035718598,68.2937520239,70.3600360139,77.5703129672,85.9403427826
PasseroOne-Regular,65.3525487436,89.0558047576,66.9154809269,26.0053721704,31.1877059489,77.206323328,59.3814030333,62.0018566047,83.2516863441,48.9706169224,75.4843486636,40.9847806842,48.8391595065,49.1863711388,20.7433876636,52.3904375901,58.4122354621,42.4409277178,53.9041074137,15.9969807403,42.2154344238,67.3351000381,55.0263185057,61.9180556394,57.2386072238,54.6632063225,65.3549159484,88.0593245596,41.9798099836,65.5203091971,22.2765718408
Philosopher,44.9594328618,60.8326571578,31.6003025309,82.0043537271,78.1023092364,59.0268171636,42.3292268824,45.0931551125,45.1966455849,64.5905382082,53.7597874094,87.6229526899,75.1907786623,49.5958576075,62.8262781155,41.6874175949,62.073538583,50.7022766813,65.3060511601,66.9256121582,46.2353320547,39.6241147817,87.8364472856,33.7848044591,51.147088854,45.2674621461,25.2521938325,43.6341559166,55.4802506053,78.9874054868,89.3733194864
PlayfairDisplay-Black,55.2756026661,24.7869410868,35.2159749471,56.0118498488,78.0594303081,36.3080056464,82.9944950353,75.481597218,42.8862378552,68.5158651119,54.4276242681,40.2174814256,64.6906100754,35.1596463049,73.9652500061,33.861123783,76.0238004079,32.6810564459,66.4619205717,66.4933625957,58.4141822245,23.4592205254,91.2182777673,69.1562454368,45.3691145803,74.9833532703,45.3048587829,70.5482212021,30.8975660776,76.6422693847,12.7033316827
PlayfairDisplay-Italic,71.0799697547,76.4821551748,45.1952595322,56.3525624504,89.3768692527,71.028840749,35.2307620055,52.9706712297,77.61158876,72.9424810187,76.269453184,66.6103931123,74.9193145627,67.1435629066,41.0583365338,68.5315010925,66.1807332285,67.9236854857,85.1021691409,55.7264451947,44.4281306169,34.9358185585,94.5717892468,80.3811017639,36.1872488982,86.5656156372,38.1142132944,68.8831078712,61.7365340213,81.2983381246,72.8039387557
PlayfairDisplaySC-BoldItalic,100.0,75.6827550001,61.6833894147,55.3766840545,67.1193618805,78.6259244174,62.4781719621,90.7889275772,83.9706865496,86.466795994,89.4003197777,32.9064978412,70.2565332931,71.4741176659,25.7216856312,64.2737718742,67.6580495758,43.1215873974,67.7418532501,32.8528377027,62.0729787001,57.2488985308,70.0421412287,99.0767457284,26.3243852919,100.0,66.2573336965,100.0,34.9544013972,69.0685445992,20.7194876203
PressStart2P-Regular,7.98477435099,57.973472459,82.8480120485,0.0,0.0,23.6550791779,60.1734725933,49.047308042,33.7957265771,10.251376076,89.9434399942,4.80206457628,10.4103556414,0.0,10.434962864,50.3743503696,63.4138891958,6.11302941032,28.7749373905,6.98575230716,97.3387760206,71.131499769,0.0,47.5361382966,82.8882301085,46.5723204664,92.0399570698,48.5482816912,33.9584174381,0.0,6.99579167452
Puritan-Bold,52.1285024,23.8801435042,24.536249617,70.7617950359,67.519895039,30.8453819982,56.0273728715,46.6459659193,36.9075468226,50.5152004416,33.3454570289,74.3210699504,85.8126892334,50.1435624601,64.1761547797,41.0556658484,54.6525655788,48.4405619904,67.7579519764,73.820910869,44.0327841742,23.0437260514,82.5780863071,23.5531921784,42.9794134398,43.6875936685,15.4039863866,21.6824635217,50.9189074196,84.8594258993,59.7378749413
QuattrocentoSans-Italic,44.0879826108,31.8072593412,29.9940059247,78.3109862598,63.0205312188,60.9730864034,33.6049913973,39.7080450305,40.2872936353,37.7146709874,28.9814305622,84.2590746454,69.3787104242,46.6912355034,56.6163685157,57.5388474344,44.3620797395,49.3083413243,61.8315904517,67.8687665481,47.6953987007,37.7041909669,85.5241134392,18.8816231316,55.5830152702,20.7896045308,44.7237521936,46.7308724284,67.8585594569,67.2770880911,95.697220614
RacingSansOne-Regular,53.3798482354,52.7225737926,51.8535823331,59.3833440922,79.6921532335,74.1533091126,90.7800673298,70.6830380623,40.194263614,73.9839891874,49.7507952183,56.6098910753,67.422236866,59.6452591245,73.4309359808,63.0657944294,82.738649041,46.8971613261,68.2116395633,58.6270713811,56.2327781925,35.7990756298,73.1769561553,54.8039158868,33.8899936122,64.7434134076,50.3631102159,58.1280581605,35.8537405641,82.328849639,48.0636260105
Raleway-Bold,34.2070397155,43.6344334801,37.7150122821,52.2251342337,84.8123141848,32.9096067628,73.4946945143,62.2956739928,29.002008586,63.4561354128,42.4508239973,62.4051853644,86.9054021474,59.5450647911,100.0,7.78216051135,72.9651310758,32.6811302302,54.085574696,57.767658653,55.3222820814,34.5489062977,74.3288558443,47.7643798729,58.8542560853,55.3018012396,36.1111620564,45.1256491426,38.8317139447,87.2233084586,53.4180930439
Raleway-SemiBold,44.6125668434,26.6267111343,32.1160105577,66.7903681235,65.806963246,7.84692879207,61.4331408605,53.3546878348,27.3401881058,53.1025952376,35.8869600723,70.5671012444,70.9128565757,39.3349942709,66.7094348054,34.116572065,96.3620595539,39.4370281533,55.2059248447,59.6566427698,51.1129513495,31.9013694618,70.5907792755,32.9504603103,46.6965929224,21.8958387587,33.2773790023,28.1448487849,48.4814155047,88.9493312684,57.6339993867
Rambla-Regular,47.6241669307,46.7656109343,26.2245613438,50.0286703939,60.7516068557,39.5942301331,46.8828405905,37.0152682373,13.2884173445,45.8942893595,37.5784560153,87.7209500719,79.4067948659,38.8751357833,69.5737799977,11.6943463389,47.6213736642,38.7025118351,47.7898805973,56.0219595064,45.4242313793,21.7000902415,79.9517718465,33.8567751285,38.5201186061,53.95249432,18.3612467659,33.7732340997,51.1427871489,86.7478025317,62.1530325622
Ranchers-Regular,41.8726569164,48.2788037146,76.4298954941,40.7657003726,37.9099308196,47.2813469023,72.6094799288,66.2660206339,64.2681090262,49.9734285613,67.2813571379,31.5384809038,40.7054393671,48.2624720275,31.548584342,46.9244632867,77.5078364812,17.106281483,47.9945949985,32.4417437893,48.0109720812,74.9927182429,42.0032150938,18.7226290996,69.9810369286,48.1649713304,75.170511257,53.4276667082,11.5405193728,66.9013396025,26.9710896196
Rationale-Regular,56.7969225649,46.4206666087,48.6026532532,72.4330323741,56.2961047821,47.9949006131,40.1992227918,34.7201856441,50.5297301566,37.9848037507,46.7606155595,59.7107034391,63.0910880213,24.4000333299,33.6833408761,28.6071883398,57.7530763304,45.5475355324,35.2413029236,55.5423998716,40.9123070603,31.7486595392,75.4387145141,65.187134253,55.7680670828,18.4752093304,54.7029380372,48.0372282213,58.5996395457,75.3532743945,58.0504762087
Redressed,75.3645935239,73.7125172471,46.7382197671,71.9949162681,83.1496010646,45.2214801243,36.9860903618,54.8908985197,80.9682834531,59.0853298676,69.9515213639,68.5984649628,81.6556529625,76.570419086,39.0955478737,59.6249576971,77.6011035162,62.0651044927,82.9163309409,57.2953212162,37.0680348187,42.8322341995,82.1105971069,82.2567069349,26.9943406509,58.3287529921,35.5298355857,64.0024341671,56.8660089689,96.7438061337,73.3056966927
Roboto-Black,21.0864212126,22.7284047867,40.8054371377,76.9846210818,59.2244408311,25.2973316055,76.0978669135,64.954825829,31.8602001438,47.6822960499,36.0168035855,54.8508660373,56.7566545462,36.3884140701,81.9127557683,16.7140632436,83.2900694359,30.3085704293,52.2441048115,64.3433217126,52.524908509,35.5126272354,73.7099961782,32.4258938482,54.6250028044,53.4574269783,34.6446755779,27.5860698261,31.3224136175,74.6611278309,47.8637613156
Roboto-Light,10.2132068292,12.5764182456,1.95247692709,63.854920503,45.4864668182,24.9078572787,31.4874024068,20.8749402627,16.0506144546,24.7527896376,0.0,90.4307203395,70.5720790675,37.8886014206,77.9330848498,14.5537560276,55.4147589838,59.7331863693,46.6278314208,66.0956091231,46.7324673575,22.136214171,83.0171066287,1.24764728946,58.7955648631,10.9967316859,16.976170093,12.5346347097,66.7212361517,86.1527694221,82.9683923812
Roboto-MediumItalic,32.6684764112,38.5126225077,20.6288944467,75.8080478974,74.1545462355,55.7520324863,58.9665654575,48.99504952,35.8453662642,45.5006343236,37.6921206287,70.9277103795,83.9957070142,39.4619617648,88.7651123193,55.2135857212,80.9931089421,38.3872391196,69.7818704099,83.2365565869,48.2852671873,18.8005561984,75.4434222994,34.6806593392,49.1938767795,57.2335811694,22.4762311644,34.6222420524,48.6831932809,79.4233680775,59.8635423399
Roboto-Regular,22.594566801,4.07157994308,12.5362968595,87.0813269393,60.373357351,20.5735790625,51.4153990093,47.908737089,13.4418481163,48.9214600097,25.5659749672,71.6516968443,69.9919050585,33.8461307803,84.0993718649,20.2862954953,54.3587637147,37.7292676359,58.7705762372,71.7385943185,52.8619131375,9.83002222517,86.8346764604,27.3449974859,51.2120310796,26.3959717471,25.3939274611,21.5556674302,49.8170790662,79.8440192667,70.9131392473
RobotoCondensed-Light,17.7417823283,22.0851656331,21.2162245627,86.1067861273,53.0512348488,8.24272810189,35.7596945745,17.4140529647,30.592535183,31.4692898318,8.16103653889,92.749579129,61.9887053023,20.8255324848,67.1063977347,23.4267517522,35.5218268326,46.2033762294,44.7040418446,77.8305783997,37.2195370809,33.0932991401,84.313122693,33.2453073954,52.3577885242,10.751826004,28.2972663768,2.72561960573,67.2890191295,78.7784114898,75.4685894026
RobotoCondensed-Regular,36.925894695,18.077815133,8.49007506039,61.1791193613,82.5551968255,23.922852511,59.7843738726,42.9045912144,14.3048319133,45.2737089799,5.81288485794,74.0617499407,74.7836813653,43.3870772681,74.2602626909,10.2145464042,56.9575422231,39.0190020397,55.9921776894,65.2968857749,45.1561916063,21.3262857305,90.9963925073,15.2806034426,34.9581837032,36.5773612137,30.2721159506,34.3024571043,50.1195703516,83.3290651518,71.190094966
Rokkitt,26.5790570322,23.5676441214,14.3197543074,69.5341339587,71.1714120692,28.5588931674,38.9997087105,36.5681098153,24.0859754844,47.4273398333,31.3344779584,92.3307652977,68.8552775415,36.2149439889,64.741357632,18.9941754543,64.4765284935,49.9672009482,60.0376747465,81.1374049267,44.9140937753,12.025494831,95.7309877581,28.6813261481,48.7691062213,40.9175192132,27.8540314795,23.1055855436,59.5179966625,90.6748249196,74.2199809732
Rokkitt-Light,6.53013751835,24.0677682723,8.93023327511,67.9222858041,62.1634186557,27.5938331353,12.0161240986,14.3492920702,21.4077691884,41.0632072904,21.5403629977,89.5511534199,61.301834816,37.3915070422,61.691546431,20.9004617528,8.48439390141,48.6309830298,41.8317345523,83.7683400225,45.7821328646,20.3589551146,89.3457790115,16.9258062717,58.9003316012,14.3767978188,34.3805595922,7.8435218955,75.7097928497,55.6959766108,91.784555371
RopaSans-Regular,10.219306912,23.0782261985,29.2044084764,73.8530842295,73.1253789753,37.0353139606,48.382464057,35.5368259623,26.0622437062,25.6385182037,23.1169726157,78.3321112819,70.2375158595,41.1041589609,70.5522474646,26.2187995907,48.444163931,46.3624922964,46.8474136775,57.1500906724,41.3078742556,23.575387026,75.6674200488,24.5594553385,62.7302172806,15.3204328579,26.8653437318,28.1537713786,57.3998102479,82.3326483057,66.2077242549
Rosario-Bold,45.4122299565,21.0683548692,28.0293467345,50.312773331,74.1026441167,28.3551201579,59.5511892196,54.0055160526,34.5431691281,44.9503975653,40.3784048568,67.9917544951,78.9831803284,46.7973111424,77.7597262656,30.4045456367,74.7793051239,34.2508134802,51.875711461,58.1323688518,44.8554033224,19.0742629517,79.4298943008,32.3777899738,32.1927439828,42.7163321518,32.7904329741,43.6593630819,45.3468347754,79.649767379,50.1014188172
Rosarivo-Italic,60.9374376269,67.5001092648,43.3043471319,87.8525493714,76.4829038271,84.1348007807,36.2257684203,53.0563826883,72.8268940412,57.3935645325,59.3344580185,81.8059267629,88.1427996596,48.025396687,57.7126624135,49.7399530629,62.1785580671,72.4782090535,83.0451544463,81.5388842533,46.2670107371,45.2381894895,89.0588328024,67.4483112593,15.8234506694,61.5871753429,36.5588323199,67.8277368722,61.2021453794,83.0387415305,73.6540612207
Sacramento-Regular,60.2980254797,91.326669484,74.8549987846,45.2164975245,70.5928173971,51.2610116008,9.08906786933,33.1557678516,74.2474088896,61.3570821074,88.2761846336,65.0217355516,63.5392637395,49.0880215808,15.8042874566,57.7159140788,51.6876543099,57.4918654679,65.3538508157,30.6420889658,30.2161586917,74.0063251681,77.0431699124,67.1164122414,35.5893049661,41.3249879183,55.6991412566,60.2555899808,100.0,72.469940408,75.5761196959
Satisfy,67.9173015667,75.5467300297,59.8218068686,66.6981260449,87.7880670641,66.0499247729,18.4455656852,59.5919050119,84.386923473,70.8688416996,81.1436041329,63.9802175164,93.8316795983,81.6604850109,50.5437937655,72.5341489643,52.6415330443,69.122013967,75.4021024429,43.7818241132,38.8773142351,64.3098887292,84.2475543867,49.8949762021,44.4970227905,70.8323289082,27.3142372883,66.6244273105,64.8960475961,79.2266379392,72.8727812525
Sedan-Italic,79.3818482259,73.1542902687,59.0952446612,59.2896041349,80.7728885635,80.0769570254,36.8470065335,68.0691214692,84.4766959032,67.8216559907,70.432591036,73.7410161506,91.3514141751,100.0,43.0707382055,90.110996021,71.180114989,62.2383603011,86.9381002046,53.2815080571,40.0455409002,57.5527515383,89.0363594751,64.3422697332,14.9798961653,76.3973036633,34.4559980371,82.4466486248,60.7295071389,88.0768939946,80.5987213298
Sevillana-Regular,81.6608791599,97.5602875029,73.9313595964,32.2032693863,64.3063424985,66.5266781957,26.765871181,57.7279636366,75.2872878529,59.5876451741,86.5456410853,56.5066353288,91.369990618,72.7308309234,28.3136511558,62.6345709024,70.3979550347,67.5413886905,74.5436426326,27.8763236412,31.6187483723,65.5081377219,67.9649057903,63.3310499596,52.5679201648,60.0225469253,65.6626852041,79.5915850763,68.3356998468,69.0488955868,67.7421129423
Share-BoldItalicOSF,37.1651428325,35.3547095456,37.8325897297,61.998048753,80.6866206065,56.0290352384,63.3268378835,62.1556119052,28.9190597177,55.1331752786,32.1367759242,61.9564069781,92.4491916572,40.0998328368,74.2644398028,44.8209192751,83.3652062892,34.9888191525,68.8021282249,67.8651508924,47.2895733167,17.4161230391,82.0764541602,24.835740282,46.7594674614,60.23978237,32.6989575966,33.8900474472,41.7826858571,96.1618382334,39.8839443097
Share-BoldOSF,41.9760753254,40.1049604719,49.5450462759,44.7651475651,59.3668696452,40.8045848996,68.0976408737,55.496937262,30.476524587,61.4697330287,31.2665961228,60.1251548151,73.8928446515,23.7029177775,58.6771701958,10.0128202878,75.1790916232,36.9790939028,54.7161980134,53.8971982412,45.8917539045,20.996930277,83.2494070372,47.388957905,46.0894056274,45.6602999242,12.0157877942,30.7804603459,39.8085055423,82.0051323653,42.0630006313
ShareTech-Regular,46.8025604474,37.4125317712,31.4368059172,45.117246264,60.173194624,52.8976207399,46.9184541129,47.7580620504,36.236069199,23.0928192737,37.8424163356,78.8634154414,70.7232356789,22.0144006981,68.8259807288,21.1349907975,57.8670956125,50.2215273369,61.612982373,53.0847599782,41.1578413633,32.2069717916,88.4278068187,33.6800358662,60.1770693869,47.5145536186,30.4552293783,49.9090475194,56.2118213949,75.4146671317,65.1041808474
SigmarOne,27.3028235928,41.8754217232,50.1230514311,36.7037084416,41.2909413853,54.0257562694,88.8301716806,84.588708994,41.9610194537,29.6902005882,64.9177716565,37.5365823148,55.6934295957,12.7495719591,53.0263719039,24.9498888879,73.5530364979,8.75802567521,51.041497765,26.9413008085,60.7404945102,53.6903378007,54.4377764115,41.4561833794,72.291529867,63.4759598161,54.7237793909,58.4806665577,29.4355869658,61.6372324793,7.12256184997
Signika-Light,28.3960278912,28.6007470063,13.3732307059,69.3231936263,58.2195336332,26.2237864918,18.2051951926,43.5081404085,27.8484140938,35.0063125932,11.7342505957,86.0989525081,63.6076954827,34.0654756574,69.8673151355,32.3596913312,47.8019650783,55.8381983291,54.5046051099,87.0379503363,44.1403396579,21.4151795498,92.2923631251,26.0586921583,39.590625507,9.39651140704,41.7099419747,2.47437415692,59.0179485794,83.4273972901,76.5793897604
Signika-Semibold,44.7299835469,28.4612290847,24.1075940812,65.7485452518,72.0837813257,32.8844443213,63.8983257575,61.8617796816,27.8184927501,51.2117368023,36.5994279904,60.5912899624,80.0006125782,45.6140081288,85.704072422,26.7044899334,91.2209986453,50.9755150675,63.2275896992,78.3149692931,44.8185108826,24.3665116533,77.8695730199,30.0082572828,52.9231368313,43.8794492288,14.8501445945,49.3888392212,39.5872113857,85.666739713,49.7276365489
Simonetta-Black,66.0371731463,55.1332309607,47.86833898,54.1777746264,78.0726453027,64.6188983732,64.5576688103,67.8463759404,69.580226245,69.4381305726,60.1004925542,58.3961902176,81.7138154475,58.937720226,59.2323002378,44.3544278312,91.6065465869,48.1853319867,68.5706911096,55.0340033034,47.0165590267,38.7668915453,69.1021169613,62.4455107561,30.2582673331,58.1865104938,38.769345202,53.5161871854,36.25759778,87.5237397678,51.7761574833
Slackey,47.1452990502,78.5410477647,73.4892223994,14.7681259064,54.5757087289,46.9006746368,70.1040755505,84.7473839446,75.998920734,62.6498125358,89.7006052358,47.116707609,49.3277374529,58.4894220605,25.1063947569,60.8236766911,73.6773677645,17.8256695492,56.1571171732,14.4078093499,62.4845340109,92.7028686739,45.510396906,74.5226569747,78.0752017428,61.3477406896,63.9243879925,73.7234671265,33.5430570571,64.553944754,23.4489006924
Smokum-Regular,53.2901127711,58.2040152379,71.5160789442,48.1910601362,29.5966031582,58.5946148133,46.2138285634,56.367469105,67.7387928181,26.4835132233,94.6057989097,36.7646312048,36.3410385882,32.8529974076,2.08962484424,40.8812346425,52.4316418759,26.0777053961,39.9312661371,27.5351240077,36.0198103742,71.5130086521,34.3929799481,73.5025950116,72.8484422441,40.3544125549,77.6487135163,70.533752027,51.0551232662,42.4562956019,24.2561192454
SonsieOne-Regular,64.3357834564,67.9831140474,79.1383704457,29.0197840286,78.1862217475,59.190140588,73.6980743852,100.0,95.8355358944,63.4341444308,95.4865845429,36.106914038,68.7161469845,63.9004501722,45.7438274854,69.7436921781,84.5869749513,35.8510078819,69.795683779,50.5539103285,62.0038933694,71.6324885192,79.7436098425,57.0268521483,58.9125224006,84.725431017,59.7703185231,91.5847867054,25.1070797182,67.3854128212,30.4394611884
SourceCodePro-Black,32.4085187823,58.4289822856,62.3206186795,40.528605828,53.7111053911,25.0656130691,72.7452876408,51.2861404658,51.1830989083,47.3562528694,65.4222327789,47.3916648809,72.2599862636,41.4226805916,43.3955566168,43.2228804682,82.9001440413,36.4451174162,50.5589002657,48.1219373922,59.1486185287,46.9557547922,65.7775561431,71.1920990989,65.9513245275,52.8532495746,52.0220319845,48.444841677,35.0747617202,73.4692626096,49.6285114083
SourceCodePro-ExtraLight,0.0,16.5813352084,34.2918143237,55.0392999971,38.3654685779,56.739328093,10.4666791954,16.5944278484,24.7221904353,14.2689617123,21.6942309637,63.4289110891,42.0726969153,2.53323352669,23.6955223414,30.4128332593,31.6285484732,44.8853336426,27.5923476955,36.98799427,53.9812712444,47.4490390783,70.7025111405,4.04055188074,90.143914394,6.87610828046,70.1743310092,43.1235485129,75.8107818688,60.7249027369,74.5913078555
SourceCodePro-Light,27.1393153334,42.2723316142,42.2342881749,64.8122319477,38.7298167029,37.1504428636,4.87211985479,0.0,27.5381776299,1.74196961017,40.4010210554,73.8344474074,45.1992204277,14.6013679143,46.3404610288,37.1245237301,35.2949754537,32.0944317311,34.4043337887,65.415034687,54.222295316,51.1798686796,73.7222263025,27.6210258643,70.3665282085,18.7837437347,72.6833709392,34.9913955655,78.3255009451,63.4617655187,80.0928761608
SourceSansPro-LightIt,34.677357539,34.189492962,28.8891398025,67.3383239436,42.5042430457,53.7774317532,22.4219520268,21.7585908425,39.1476707524,2.71335827811,38.4380703606,78.06693931,70.7467052576,33.5484055352,57.0676216767,47.5115609201,45.7100593942,45.6451267174,40.4507085589,53.1492805041,42.8165892001,32.5415795385,83.6227585022,32.1105008585,70.5309054724,3.00374106915,41.2869149955,21.7829829342,72.0979341547,74.8458647223,74.2279195042
SourceSansPro-Semibold,30.2585348994,18.3290249991,32.9667892542,68.0154110119,57.1493118094,13.2328917252,56.5174174752,62.4417508185,0.0,40.5660292186,19.9994568659,73.3932663852,89.0217641265,50.675060502,64.5796633836,29.4097758331,70.9991760294,37.0104788132,52.1798942984,85.4295376958,51.1491291676,12.0059444703,84.6531676501,42.9826100264,19.2859112513,31.0006650381,21.7117993072,29.0947249238,49.6052927216,79.7020379546,57.5429528913
StardosStencil-Bold,65.006228671,53.7521897758,40.8482478648,36.4083563131,84.8304273564,50.662820857,59.6418985268,76.1335004462,45.0824104638,69.4866887606,61.1705098036,61.0555064559,79.0212721545,51.1701394389,67.2130522178,23.7567017879,73.6598196341,42.490224651,73.4667816619,65.7138900704,53.7905667649,45.6282110257,78.9427436898,65.2492342004,50.1389656033,50.6007186495,48.5444083206,46.2575324998,41.840091674,72.4319724331,26.381474772
Strait-Regular,24.1115593165,32.7840731956,30.342492499,57.5668706072,55.0032690307,46.3327166931,42.2265060514,33.3794333599,16.3670664845,35.0088868437,13.3294608288,82.319369836,70.9445353451,34.2838181675,81.0240560445,18.1570744022,52.8426960174,40.4326481058,64.8256332467,65.9285643955,41.1521447344,32.7630467554,83.487704502,38.2490651117,52.622223233,45.5754901619,45.5126770542,18.645339818,62.1735868395,75.0624217555,66.2950095635
Syncopate-Bold,28.5550373592,54.1615986659,58.5175278061,21.8180346294,41.318017548,9.77018899574,79.8067346662,83.7193771796,36.8007526251,38.7799836481,62.7045963525,33.9006953568,34.8629111698,30.2658372353,26.0389197814,17.9888778988,64.1101764809,13.7198788212,52.3971076565,39.9890495375,70.5719546138,59.8478841548,47.550787296,68.0151416111,81.6079097853,58.2456250873,76.3555112066,58.1066288629,26.7101008069,56.5724998677,26.4091659641
Telex-Regular,11.4894089082,29.2459205509,19.1083892051,45.776202494,61.4829971991,20.6101237215,50.5444560038,33.9806565387,5.69091737573,43.0831847672,22.8365069481,76.2372804667,82.9045245552,54.7130241054,78.903720962,10.0577466093,63.2108228705,51.757547868,59.5440064389,66.5897683782,50.1500003338,14.2310214672,80.90826437,32.0608760868,50.7226667318,35.7689405134,19.9164610978,29.6015245673,54.2470222845,87.9563971825,76.6122907026
TenorSans,24.1311894004,22.9168852568,28.0904941878,72.7587777495,62.6049442627,28.2046529578,43.9377178325,33.3966141561,7.07765069977,31.5426119686,16.3572344575,86.6085526845,70.7179751013,40.1714451385,58.2542866385,27.2958549341,51.3100059804,49.9888537026,56.2480630611,79.9898248628,48.5702995183,17.9210120847,83.3289423925,14.0362423532,45.3680005756,7.0032920889,13.159163777,20.9256155744,60.7349157381,91.2112913912,73.6548582886
Thabit,9.54211801944,35.7899700033,5.40949490138,68.249470765,25.6837594416,38.85283414,17.7630404546,22.6128260895,31.2546249569,9.87064499406,41.8528222764,76.1099588766,66.5313793244,27.0352379017,72.361946395,20.8486980669,30.9681204462,37.3212394966,44.3419930749,59.0610755477,51.2202693643,32.1047435827,83.0100526322,19.1487611619,86.4929949744,18.6758792155,42.5307448289,24.7961716275,69.8167709746,66.0631183904,82.2654082134
Tinos,15.2081765102,8.90806452491,3.52527100295,80.1746375178,77.1704194736,35.3005863109,49.3373542255,21.9917386546,14.6904651249,50.7296018364,28.276619524,77.3977784099,65.9601488514,40.432853686,91.3429032432,22.7479545496,67.2343411089,45.9107383267,60.3876680117,85.349337133,44.7242724976,16.40227144,95.3956144003,43.9977083416,27.2553110356,25.9786867319,20.0056361485,23.0207641353,59.8032134403,93.0257474642,73.7910627642
Tinos-Bold,55.5137680533,32.8366896385,26.1135274934,74.8894965838,79.2566418962,46.4148755324,68.1475344994,54.1456035762,29.454181676,63.9668495237,41.3548644325,75.5384447606,83.9475391887,55.689358266,88.0044655243,8.89867744254,80.4144682285,33.0716764602,52.7142302858,76.0046546076,50.8851460296,12.5283137774,81.8349961499,48.6400446382,45.1049676423,55.9468953135,13.1360018712,34.8959489695,43.0998840811,91.8536906246,48.2228458347
TitanOne,36.987407133,52.04757032,58.5475805476,29.9898850782,48.9633231816,26.962286008,76.4870814854,97.2797804605,41.0492823248,45.2908721202,64.0424674839,42.7441526422,33.1536363454,15.3738908846,56.0359180299,21.6771799344,86.8652162498,13.3262060376,49.0572962344,39.5233439875,58.4264107195,48.0055788972,51.0736618637,44.9298904194,61.3232957838,46.2698511727,50.2631306849,58.2720535532,5.73190465819,67.2790663397,21.3889433836
TitilliumWeb-Black,31.5611002583,34.673190306,63.1189141426,33.6062523784,52.665707651,6.90538759291,75.5702117741,68.343576499,31.3768652299,26.7603416499,60.4345161591,41.7234632042,30.4977043118,27.0940707743,24.8923727173,2.65819269951,61.2601983972,9.6370017232,49.9588062005,54.8108388487,52.831755402,48.1479080475,61.837416336,35.9761641289,61.4785218046,59.9152920414,87.9666501913,35.6900630671,27.5654212395,57.5214433135,34.4304552059
TitilliumWeb-ThinItalic,16.7793944,36.2369575738,43.5089519004,74.6680745883,38.2462235757,68.038117687,12.4969982717,24.8394571308,33.8467620697,10.9222529932,20.5297776696,72.617334573,59.8406402112,15.1385127988,36.1562910108,68.8677990432,0.0,49.0398787558,37.9592746223,36.3029453915,41.4252376271,44.3664887682,65.9962604609,25.2822286254,68.9584372515,9.09409622285,45.9839093039,22.0138623291,77.5142182424,68.4623091972,91.3760593911
Trochut,62.1127030553,64.9696885756,49.8738550499,71.8813567319,54.1418461236,50.9301181944,48.0480361017,44.8795713616,61.361282359,46.2738191357,67.3439676265,81.051241179,79.9548100447,39.8978493578,41.3497844491,48.3484692592,71.4619112783,65.8479579603,65.9259642133,53.1421843669,41.3395837605,45.0845171127,74.5151485304,86.9983933742,40.3108703145,45.3970014011,45.881731699,52.3868602822,54.8949483123,73.1018376273,75.8231875709
Trochut-Italic,58.1413593782,57.4668172365,65.6429553426,58.8115848931,77.1331116113,68.5551008256,44.5854929832,46.959068757,81.0761156286,52.4976732323,54.9772629332,73.6201098432,78.5031342204,51.9380597518,44.7614009371,74.3994057034,59.3037984023,53.3263260075,61.8385784202,41.3111392813,39.348031296,50.1873339796,82.6830526006,78.5561892808,36.8474469822,46.7012456895,51.3699557217,71.568993536,59.9170607901,79.3875004362,74.9992602181
Tuffy-BoldItalic,50.5303162416,42.1412762708,36.4313201013,54.879168193,71.6296813024,59.4714932974,62.098696937,69.1319815692,51.5739247287,68.5754658411,44.1794484664,68.4668647934,91.9632592756,54.9578654362,88.9744182572,50.6012447032,80.343187193,50.7933968454,61.3967884539,62.2211686638,49.782382726,40.1463869066,78.5605963589,41.1491364156,27.1222918592,40.3183750279,41.6028857978,18.6231378244,47.3159636165,77.9691686635,44.0641386408
Tulpen,38.1043393324,34.8674527464,71.0757545005,55.4119122533,39.6725277136,44.9632040575,1.70979163435,19.1103797299,43.1636950831,15.4143555092,62.2677999015,63.8682084715,16.3075021422,12.3596411881,0.0,43.1746265332,35.7740912906,56.1552870707,43.2379332888,18.6382270242,26.6700442066,47.6864597773,67.5561079302,32.656250027,83.7371634531,25.6489128415,63.7526677244,44.993226463,85.8876566274,33.8330786848,71.767254272
Ubuntu-Italic,39.333317615,38.1323786169,39.7781971432,76.2109701803,81.0946198145,78.864341759,42.4191071679,49.182355742,56.2323608307,54.574670758,30.1246762987,70.9868850599,70.8083472586,57.0745625407,75.6787508039,57.443868581,53.1972801596,52.5111558549,64.1863665982,59.2080979171,50.8878798086,55.2467861846,83.2053507042,24.6868944892,36.9963308757,18.5599745384,32.2967986966,43.0614689755,48.5063822083,92.3107223436,71.334095187
UbuntuCondensed-Regular,42.9465925877,46.5550208381,23.8532411525,60.0503225143,70.6924594389,29.7372936402,58.8173539916,32.5447135759,41.6408828364,45.3167524388,24.4267233399,86.7662570367,75.2419846064,46.0733088483,61.5545595749,35.7166526361,54.9238269661,42.4942573315,50.7174635803,57.5879749633,42.7755844453,22.4096524011,81.4706466016,29.8036355845,50.4754954489,30.4027991585,32.6572638881,27.3075080349,55.3091569699,84.7603874939,62.5495750589
UbuntuMono-Bold,48.9582377119,55.4567406032,52.1497095954,34.5480509376,58.6867438192,37.5635457785,59.5738910044,46.7551373221,44.1697663788,41.3966595349,48.2224584125,53.9882415707,56.0330244403,40.4327188613,42.4127511409,49.7185042728,53.2419792816,34.5802558537,49.0136057092,56.6940437668,48.2892599141,59.7276323896,54.552320907,61.2956960768,73.7369242077,51.2816221174,47.7638793414,55.3904100485,33.742401983,86.2120107168,50.8429065458
UbuntuMono-Italic,70.9081095931,59.1787720924,64.7692589462,38.8802684283,69.1174938764,87.1570966395,32.9526533504,42.9943435235,49.2115957229,45.2505592076,57.2445265134,72.9012004041,84.7947188852,56.9647187721,42.9533785599,68.747004714,66.9722786067,68.4992344492,64.2343130448,44.8411990608,45.6185485731,53.689419168,73.1535369464,58.7151771684,68.3362275497,46.7453358746,45.7028779958,45.9989018981,59.4089811731,78.9805521679,68.687599353
Voltaire,32.9411658152,36.2312004149,30.9801799774,71.9161165803,58.5908329128,42.5568319833,53.7612421497,36.0581190189,33.0992719276,39.5194987651,41.9057591834,86.2239776847,88.5811044903,49.0775571464,71.1461063241,31.8720951348,56.6988543361,55.9596841297,57.819151061,52.8274063432,39.5923627351,33.27369598,74.5688312672,34.0809013687,51.4867388498,32.9160591369,27.2375115861,31.8601243445,53.3937627963,87.3343285967,76.1212097062
Wellfleet-Regular,54.3359483689,31.8033652242,41.8763393876,63.9058242675,71.6441930744,57.4007645541,75.2521360011,47.6928287351,44.7200050235,63.1627124419,45.4493714885,64.7340383554,66.3078428032,58.8208149406,64.020431409,31.460690894,66.6109390114,51.0119933468,67.9467088108,39.9601890746,56.41532781,37.7679457171,84.0437487967,70.9922718535,31.5460656983,61.128584528,32.7955645926,44.1090225805,44.2254725917,95.6668378677,39.171729525
YanoneTagesschrift,48.2676310208,72.568747128,60.5077581353,52.5043993096,81.8064027194,26.2143250634,56.1938751581,60.0889487021,56.0406812675,58.1618600095,71.438088356,43.451580312,70.8357140011,66.6222205598,53.8714901397,42.7111143367,87.658123523,47.1681971425,71.3896792413,54.9306332296,51.3471240519,53.5259244614,77.2971823249,62.1711348349,68.329336255,62.5304402623,53.7563370184,69.6399329373,38.3701610303,73.8651789541,46.9904213121
